DATE,SEASON,TEAM_FULL_NAME,RATING
1947-03-26,1946/47,Pitssburgh Ironmen (46/47),1289.8282824813316
1947-03-29,1946/47,Providence Steamrollers (46/47-48/49),1499.524334843704
1947-03-29,1946/47,Detroit Falcons (46/47),1364.4671248958116
1947-03-29,1946/47,Toronto Huskies (46/47),1391.8378726925334
1947-03-30,1946/47,Boston Celtics (46/47-24/25),1448.8747250618644
1947-04-06,1946/47,St. Louis Bombers (46/47-49/50),1535.859865722879
1947-04-09,1946/47,Cleveland Cavaliers (46/47),1500.4130167821982
1947-04-13,1946/47,Washington Capitols (46/47-50/51),1684.6587133800515
1947-04-14,1946/47,New York Knicks (46/47-24/25),1526.7433902661
1947-04-22,1946/47,Golden State Warriors (46/47-24/25),1661.3856132176356
1947-04-22,1946/47,Chicago Stags (46/47-49/50),1596.40706065589
1948-03-20,1947/48,Providence Steamrollers (46/47-48/49),1302.7690291261436
1948-03-23,1947/48,Washington Capitols (46/47-50/51),1615.158129303646
1948-04-01,1947/48,New York Knicks (46/47-24/25),1549.922381333193
1948-04-02,1947/48,Boston Celtics (46/47-24/25),1490.8615363705803
1948-04-06,1947/48,St. Louis Bombers (46/47-49/50),1610.8414884640297
1948-04-08,1947/48,Chicago Stags (46/47-49/50),1588.4264009743788
1948-04-21,1947/48,Golden State Warriors (46/47-24/25),1622.8564455241246
1948-04-21,1947/48,Baltimore Bullets (47/48-53/54),1672.618292052029
1949-03-15,1948/49,Indianapolis Jets (48/49),1406.8424668421394
1949-03-17,1948/49,Providence Steamrollers (46/47-48/49),1304.7861687938891
1949-03-18,1948/49,Boston Celtics (46/47-24/25),1522.3761415193687
1949-03-20,1948/49,Detroit Pistons (48/49-24/25),1456.1396802128556
1949-03-23,1948/49,St. Louis Bombers (46/47-49/50),1535.6420940071075
1949-03-24,1948/49,Golden State Warriors (46/47-24/25),1518.119166303322
1949-03-24,1948/49,Chicago Stags (46/47-49/50),1586.253059532798
1949-03-26,1948/49,Baltimore Bullets (47/48-53/54),1519.3940919918737
1949-03-29,1948/49,Sacramento Kings (48/49-24/25),1699.6773691264953
1949-04-02,1948/49,New York Knicks (46/47-24/25),1558.349920763297
1949-04-13,1948/49,Los Angeles Lakers (48/49-24/25),1743.971401166592
1949-04-13,1948/49,Washington Capitols (46/47-50/51),1601.9021428883852
1950-03-17,1949/50,Boston Celtics (46/47-24/25),1390.676652747327
1950-03-18,1949/50,Denver Nuggets (49/50),1290.4840781847045
1950-03-19,1949/50,Waterloo Hawks (49/50),1450.060326067427
1950-03-19,1949/50,St. Louis Bombers (46/47-49/50),1465.508960623478
1950-03-19,1949/50,Baltimore Bullets (47/48-53/54),1468.2826796066863
1950-03-22,1949/50,Washington Capitols (46/47-50/51),1508.9363204226809
1950-03-23,1949/50,Golden State Warriors (46/47-24/25),1497.50971220233
1950-03-24,1949/50,Atlanta Hawks (49/50-24/25),1504.713735192326
1950-03-25,1949/50,Chicago Stags (46/47-49/50),1559.3374845580513
1950-03-25,1949/50,Sacramento Kings (48/49-24/25),1744.2043369787991
1950-03-25,1949/50,Sheboygan Red Skins (49/50),1375.965388865703
1950-03-28,1949/50,Detroit Pistons (48/49-24/25),1656.6602576202374
1950-04-01,1949/50,Indianapolis Olympians (49/50-52/53),1581.3899275576186
1950-04-02,1949/50,New York Knicks (46/47-24/25),1612.2285154521696
1950-04-06,1949/50,Anderson Packers (49/50),1575.9293489698111
1950-04-23,1949/50,Philadelphia 76ers (49/50-24/25),1720.4345760617762
1950-04-23,1949/50,Los Angeles Lakers (48/49-24/25),1839.5027664009683
1951-01-09,1950/51,Washington Capitols (46/47-50/51),1432.7831484349836
1951-03-17,1950/51,Baltimore Bullets (47/48-53/54),1495.44943177025
1951-03-18,1950/51,Atlanta Hawks (49/50-24/25),1486.7308690995749
1951-03-22,1950/51,Boston Celtics (46/47-24/25),1576.2629594789546
1951-03-22,1950/51,Golden State Warriors (46/47-24/25),1670.9711000098728
1951-03-24,1950/51,Detroit Pistons (48/49-24/25),1582.7708738681029
1951-03-25,1950/51,Indianapolis Olympians (49/50-52/53),1599.5611627676112
1951-04-03,1950/51,Los Angeles Lakers (48/49-24/25),1674.9686088610272
1951-04-04,1950/51,Philadelphia 76ers (49/50-24/25),1624.956337172702
1951-04-21,1950/51,Sacramento Kings (48/49-24/25),1717.7050819174665
1951-04-21,1950/51,New York Knicks (46/47-24/25),1662.3799068623744
1952-03-15,1951/52,Atlanta Hawks (49/50-24/25),1448.7168714872678
1952-03-16,1951/52,Baltimore Bullets (47/48-53/54),1471.7743257450163
1952-03-20,1951/52,Detroit Pistons (48/49-24/25),1558.574367385491
1952-03-23,1951/52,Golden State Warriors (46/47-24/25),1629.5968299228405
1952-03-25,1951/52,Indianapolis Olympians (49/50-52/53),1575.601038347566
1952-03-26,1951/52,Boston Celtics (46/47-24/25),1670.495501731493
1952-04-06,1951/52,Sacramento Kings (48/49-24/25),1654.1143677795008
1952-04-08,1951/52,Philadelphia 76ers (49/50-24/25),1637.7826041851563
1952-04-25,1951/52,Los Angeles Lakers (48/49-24/25),1734.3654558044975
1952-04-25,1951/52,New York Knicks (46/47-24/25),1710.7349694191064
1953-03-15,1952/53,Golden State Warriors (46/47-24/25),1376.4809111484258
1953-03-18,1952/53,Atlanta Hawks (49/50-24/25),1533.9826410710705
1953-03-20,1952/53,Baltimore Bullets (47/48-53/54),1390.0501835171312
1953-03-21,1952/53,Philadelphia 76ers (49/50-24/25),1714.4164590623382
1953-03-23,1952/53,Indianapolis Olympians (49/50-52/53),1549.7644294154022
1953-03-24,1952/53,Sacramento Kings (48/49-24/25),1660.502028454741
1953-03-29,1952/53,Boston Celtics (46/47-24/25),1723.8934081173263
1953-04-02,1952/53,Detroit Pistons (48/49-24/25),1661.2463641613915
1953-04-10,1952/53,Los Angeles Lakers (48/49-24/25),1775.6381988810488
1953-04-10,1952/53,New York Knicks (46/47-24/25),1705.7817079790598
1954-03-14,1953/54,Golden State Warriors (46/47-24/25),1536.8922776683414
1954-03-14,1953/54,Atlanta Hawks (49/50-24/25),1497.0755320447915
1954-03-14,1953/54,Baltimore Bullets (47/48-53/54),1385.1615148049884
1954-03-21,1953/54,New York Knicks (46/47-24/25),1612.38233502558
1954-03-21,1953/54,Detroit Pistons (48/49-24/25),1595.3340547787077
1954-03-27,1953/54,Boston Celtics (46/47-24/25),1688.6857359032344
1954-03-28,1953/54,Sacramento Kings (48/49-24/25),1719.5686131716575
1954-04-12,1953/54,Los Angeles Lakers (48/49-24/25),1755.0465305911823
1954-04-12,1953/54,Philadelphia 76ers (49/50-24/25),1751.8453084040495
1955-03-14,1954/55,Atlanta Hawks (49/50-24/25),1601.182195117145
1955-03-14,1954/55,Golden State Warriors (46/47-24/25),1605.8597721286424
1955-03-19,1954/55,Sacramento Kings (48/49-24/25),1565.5387720377937
1955-03-19,1954/55,New York Knicks (46/47-24/25),1660.5992529642049
1955-03-27,1954/55,Los Angeles Lakers (48/49-24/25),1649.283950870172
1955-03-27,1954/55,Boston Celtics (46/47-24/25),1640.3641901336175
1955-04-10,1954/55,Philadelphia 76ers (49/50-24/25),1747.290087863343
1955-04-10,1954/55,Detroit Pistons (48/49-24/25),1686.7121664726271
1956-03-11,1955/56,Sacramento Kings (48/49-24/25),1592.4675752602716
1956-03-15,1955/56,New York Knicks (46/47-24/25),1622.07911124559
1956-03-21,1955/56,Boston Celtics (46/47-24/25),1640.0416263635732
1956-03-21,1955/56,Los Angeles Lakers (48/49-24/25),1655.9259184799598
1956-03-29,1955/56,Atlanta Hawks (49/50-24/25),1627.532524041289
1956-03-29,1955/56,Philadelphia 76ers (49/50-24/25),1666.3665920615256
1956-04-07,1955/56,Detroit Pistons (48/49-24/25),1618.3402595852417
1956-04-07,1955/56,Golden State Warriors (46/47-24/25),1734.0767805500948
1957-03-13,1956/57,New York Knicks (46/47-24/25),1669.0776983348887
1957-03-13,1956/57,Sacramento Kings (48/49-24/25),1575.8032508551316
1957-03-18,1956/57,Golden State Warriors (46/47-24/25),1613.4634836242074
1957-03-19,1956/57,Detroit Pistons (48/49-24/25),1553.4404866804653
1957-03-24,1956/57,Philadelphia 76ers (49/50-24/25),1683.5627746018524
1957-03-25,1956/57,Los Angeles Lakers (48/49-24/25),1643.1452532570236
1957-04-13,1956/57,Boston Celtics (46/47-24/25),1728.7352659092055
1957-04-13,1956/57,Atlanta Hawks (49/50-24/25),1689.6021743247709
1958-03-12,1957/58,Los Angeles Lakers (48/49-24/25),1496.4611595700546
1958-03-12,1957/58,New York Knicks (46/47-24/25),1666.678493727281
1958-03-16,1957/58,Sacramento Kings (48/49-24/25),1595.2290136080871
1958-03-18,1957/58,Philadelphia 76ers (49/50-24/25),1680.9139222970766
1958-03-27,1957/58,Detroit Pistons (48/49-24/25),1639.8469902802542
1958-03-27,1957/58,Golden State Warriors (46/47-24/25),1643.8459635304362
1958-04-12,1957/58,Atlanta Hawks (49/50-24/25),1720.0988986067496
1958-04-12,1957/58,Boston Celtics (46/47-24/25),1713.7559459676063
1959-03-10,1958/59,Sacramento Kings (48/49-24/25),1500.5924130735066
1959-03-10,1958/59,Golden State Warriors (46/47-24/25),1642.4457471789203
1959-03-15,1958/59,New York Knicks (46/47-24/25),1633.28319317439
1959-03-18,1958/59,Detroit Pistons (48/49-24/25),1534.12654359647
1959-03-29,1958/59,Atlanta Hawks (49/50-24/25),1676.445813361247
1959-04-01,1958/59,Philadelphia 76ers (49/50-24/25),1696.3750162335314
1959-04-09,1958/59,Boston Celtics (46/47-24/25),1818.9379075572767
1959-04-09,1958/59,Los Angeles Lakers (48/49-24/25),1654.6237534122035
1960-03-09,1959/60,Sacramento Kings (48/49-24/25),1432.080471612289
1960-03-10,1959/60,New York Knicks (46/47-24/25),1538.213318694951
1960-03-13,1959/60,Detroit Pistons (48/49-24/25),1533.004806796003
1960-03-14,1959/60,Philadelphia 76ers (49/50-24/25),1739.345296883948
1960-03-24,1959/60,Golden State Warriors (46/47-24/25),1745.3134175027203
1960-03-26,1959/60,Los Angeles Lakers (48/49-24/25),1609.518910610662
1960-04-09,1959/60,Boston Celtics (46/47-24/25),1836.935077566049
1960-04-09,1959/60,Atlanta Hawks (49/50-24/25),1722.419087920922
1961-03-12,1960/61,New York Knicks (46/47-24/25),1449.5334442064168
1961-03-12,1960/61,Sacramento Kings (48/49-24/25),1594.165636507306
1961-03-18,1960/61,Golden State Warriors (46/47-24/25),1624.436641048127
1961-03-19,1960/61,Detroit Pistons (48/49-24/25),1589.787678613735
1961-03-26,1960/61,Philadelphia 76ers (49/50-24/25),1669.8147812339653
1961-04-01,1960/61,Los Angeles Lakers (48/49-24/25),1648.031562190558
1961-04-11,1960/61,Boston Celtics (46/47-24/25),1868.6080644510785
1961-04-11,1960/61,Atlanta Hawks (49/50-24/25),1712.452579336359
1962-03-14,1961/62,New York Knicks (46/47-24/25),1544.0591152632592
1962-03-14,1961/62,Washington Wizards (61/62-24/25),1430.1020833683062
1962-03-14,1961/62,Atlanta Hawks (49/50-24/25),1545.777294772021
1962-03-20,1961/62,Sacramento Kings (48/49-24/25),1605.688825024995
1962-03-22,1961/62,Philadelphia 76ers (49/50-24/25),1673.7796213722938
1962-04-03,1961/62,Detroit Pistons (48/49-24/25),1630.4513670750991
1962-04-05,1961/62,Golden State Warriors (46/47-24/25),1715.1198023764473
1962-04-18,1961/62,Boston Celtics (46/47-24/25),1793.8401433451577
1962-04-18,1961/62,Los Angeles Lakers (48/49-24/25),1718.0121349899655
1963-03-16,1962/63,Washington Wizards (61/62-24/25),1506.5966264068684
1963-03-16,1962/63,Golden State Warriors (46/47-24/25),1574.3483418221952
1963-03-17,1962/63,New York Knicks (46/47-24/25),1433.4280665157894
1963-03-26,1962/63,Philadelphia 76ers (49/50-24/25),1673.3521961175993
1963-03-26,1962/63,Detroit Pistons (48/49-24/25),1624.58167826062
1963-04-10,1962/63,Sacramento Kings (48/49-24/25),1692.541543079715
1963-04-11,1962/63,Atlanta Hawks (49/50-24/25),1674.6675633441175
1963-04-24,1962/63,Boston Celtics (46/47-24/25),1801.3502682899282
1963-04-24,1962/63,Los Angeles Lakers (48/49-24/25),1675.9641037507126
1964-03-17,1963/64,New York Knicks (46/47-24/25),1460.2090541270577
1964-03-18,1963/64,Washington Wizards (61/62-24/25),1522.2095962254307
1964-03-18,1963/64,Detroit Pistons (48/49-24/25),1525.6558081224375
1964-03-29,1963/64,Philadelphia 76ers (49/50-24/25),1586.5132247216898
1964-03-30,1963/64,Los Angeles Lakers (48/49-24/25),1630.037115923805
1964-04-09,1963/64,Sacramento Kings (48/49-24/25),1720.7999310503708
1964-04-16,1963/64,Atlanta Hawks (49/50-24/25),1678.419064575293
1964-04-26,1963/64,Boston Celtics (46/47-24/25),1834.0099775844424
1964-04-26,1963/64,Golden State Warriors (46/47-24/25),1698.9766152570187
1965-03-20,1964/65,Detroit Pistons (48/49-24/25),1523.4252561774904
1965-03-20,1964/65,Golden State Warriors (46/47-24/25),1413.0446237221768
1965-03-21,1964/65,New York Knicks (46/47-24/25),1623.4321940652555
1965-03-30,1964/65,Atlanta Hawks (49/50-24/25),1685.2577117682476
1965-03-31,1964/65,Sacramento Kings (48/49-24/25),1625.506221554161
1965-04-13,1964/65,Washington Wizards (61/62-24/25),1642.5929943777062
1965-04-15,1964/65,Philadelphia 76ers (49/50-24/25),1647.9302631092655
1965-04-25,1964/65,Boston Celtics (46/47-24/25),1791.2927685840732
1965-04-25,1964/65,Los Angeles Lakers (48/49-24/25),1704.3483542291683
1966-03-20,1965/66,Detroit Pistons (48/49-24/25),1448.1942831523138
1966-03-20,1965/66,Golden State Warriors (46/47-24/25),1583.0707991211762
1966-03-22,1965/66,New York Knicks (46/47-24/25),1544.9955724031113
1966-03-30,1965/66,Washington Wizards (61/62-24/25),1580.3646736913065
1966-04-01,1965/66,Sacramento Kings (48/49-24/25),1602.824938996271
1966-04-12,1965/66,Philadelphia 76ers (49/50-24/25),1766.3459766482806
1966-04-15,1965/66,Atlanta Hawks (49/50-24/25),1653.727532770551
1966-04-28,1965/66,Los Angeles Lakers (48/49-24/25),1695.433835886486
1966-04-28,1965/66,Boston Celtics (46/47-24/25),1781.8727749180478
1967-03-19,1966/67,Washington Wizards (61/62-24/25),1448.1005940164073
1967-03-19,1966/67,Detroit Pistons (48/49-24/25),1481.104243180593
1967-03-25,1966/67,Sacramento Kings (48/49-24/25),1665.309926313444
1967-03-25,1966/67,Chicago Bulls (96/97-24/25),1553.0476388575978
1967-03-26,1966/67,Los Angeles Lakers (48/49-24/25),1559.801044390787
1967-03-28,1966/67,New York Knicks (46/47-24/25),1530.2823816528771
1967-04-11,1966/67,Boston Celtics (46/47-24/25),1747.937822489368
1967-04-12,1966/67,Atlanta Hawks (49/50-24/25),1632.7581949836542
1967-04-24,1966/67,Philadelphia 76ers (49/50-24/25),1854.261648841296
1967-04-24,1966/67,Golden State Warriors (46/47-24/25),1684.2268928615197
1968-03-19,1967/68,Oklahoma City Thunder (67/68-24/25),1432.2377680152968
1968-03-20,1967/68,Sacramento Kings (48/49-24/25),1623.0144149906396
1968-03-20,1967/68,Washington Wizards (61/62-24/25),1573.7531123265308
1968-03-20,1967/68,Houston Rockets (67/68-24/25),1285.3755668435097
1968-03-31,1967/68,Chicago Bulls (96/97-24/25),1503.216437140775
1968-04-01,1967/68,Detroit Pistons (48/49-24/25),1588.3295014793357
1968-04-01,1967/68,New York Knicks (46/47-24/25),1691.7541120138007
1968-04-02,1967/68,Atlanta Hawks (49/50-24/25),1628.0932936682614
1968-04-13,1967/68,Golden State Warriors (46/47-24/25),1550.9358035625633
1968-04-19,1967/68,Philadelphia 76ers (49/50-24/25),1765.2447862882038
1968-05-02,1967/68,Los Angeles Lakers (48/49-24/25),1741.5700793796527
1968-05-02,1967/68,Boston Celtics (46/47-24/25),1773.3055118789744
1969-03-22,1968/69,Oklahoma City Thunder (67/68-24/25),1483.9774029140287
1969-03-23,1968/69,Milwaukee Bucks (68/69-24/25),1486.320328161756
1969-03-23,1968/69,Phoenix Suns (68/69-24/25),1305.2538265393723
1969-03-23,1968/69,Chicago Bulls (96/97-24/25),1503.6990477456786
1969-03-23,1968/69,Detroit Pistons (48/49-24/25),1508.5103528158538
1969-03-24,1968/69,Sacramento Kings (48/49-24/25),1562.9156123813566
1969-04-02,1968/69,Washington Wizards (61/62-24/25),1637.3425801854055
1969-04-04,1968/69,Philadelphia 76ers (49/50-24/25),1654.2449404331228
1969-04-05,1968/69,Golden State Warriors (46/47-24/25),1628.1571764111195
1969-04-07,1968/69,Houston Rockets (67/68-24/25),1535.2429899954518
1969-04-18,1968/69,New York Knicks (46/47-24/25),1745.0723742468722
1969-04-20,1968/69,Atlanta Hawks (49/50-24/25),1610.897951040727
1969-05-05,1968/69,Boston Celtics (46/47-24/25),1762.2184051176823
1969-05-05,1968/69,Los Angeles Lakers (48/49-24/25),1732.9773995991154
1970-03-21,1969/70,Sacramento Kings (48/49-24/25),1533.352436187698
1970-03-22,1969/70,Oklahoma City Thunder (67/68-24/25),1601.46393037637
1970-03-22,1969/70,Golden State Warriors (46/47-24/25),1421.4830616976897
1970-03-22,1969/70,Boston Celtics (46/47-24/25),1515.492678441775
1970-03-22,1969/70,Detroit Pistons (48/49-24/25),1491.6451474885018
1970-03-22,1969/70,Houston Rockets (67/68-24/25),1436.3885813796671
1970-04-03,1969/70,Philadelphia 76ers (49/50-24/25),1578.771610185781
1970-04-05,1969/70,Chicago Bulls (96/97-24/25),1576.1014918412088
1970-04-06,1969/70,Washington Wizards (61/62-24/25),1640.7640454597115
1970-04-09,1969/70,Phoenix Suns (68/69-24/25),1594.5672270183202
1970-04-19,1969/70,Atlanta Hawks (49/50-24/25),1637.3068713707066
1970-04-20,1969/70,Milwaukee Bucks (68/69-24/25),1680.9816498334285
1970-05-08,1969/70,New York Knicks (46/47-24/25),1731.3025792685912
1970-05-08,1969/70,Los Angeles Lakers (48/49-24/25),1717.2090770380942
1971-03-20,1970/71,LA Clippers (70/71-24/25),1332.7771599886375
1971-03-21,1970/71,Boston Celtics (46/47-24/25),1620.345575252984
1971-03-21,1970/71,Phoenix Suns (68/69-24/25),1664.0911287958158
1971-03-21,1970/71,Oklahoma City Thunder (67/68-24/25),1582.0246522400173
1971-03-21,1970/71,Houston Rockets (67/68-24/25),1630.2891331618175
1971-03-21,1970/71,Sacramento Kings (48/49-24/25),1490.4259112823624
1971-03-21,1970/71,Detroit Pistons (48/49-24/25),1515.0730880475787
1971-03-23,1970/71,Portland Trail Blazers (70/71-24/25),1448.1189222460123
1971-03-23,1970/71,Cleveland Cavaliers (70/71-24/25),1320.7755061500886
1971-04-01,1970/71,Atlanta Hawks (49/50-24/25),1604.6793958732394
1971-04-04,1970/71,Philadelphia 76ers (49/50-24/25),1582.802036629164
1971-04-04,1970/71,Golden State Warriors (46/47-24/25),1553.3676503499537
1971-04-06,1970/71,Chicago Bulls (96/97-24/25),1650.8273443318312
1971-04-18,1970/71,Los Angeles Lakers (48/49-24/25),1620.4017740132367
1971-04-19,1970/71,New York Knicks (46/47-24/25),1638.7539568985048
1971-04-30,1970/71,Milwaukee Bucks (68/69-24/25),1825.7216245579264
1971-04-30,1970/71,Washington Wizards (61/62-24/25),1576.3555277683736
1972-03-25,1971/72,Phoenix Suns (68/69-24/25),1682.005097119079
1972-03-26,1971/72,Houston Rockets (67/68-24/25),1547.720534956616
1972-03-26,1971/72,Philadelphia 76ers (49/50-24/25),1432.376105181809
1972-03-26,1971/72,Portland Trail Blazers (70/71-24/25),1361.928841276715
1972-03-26,1971/72,LA Clippers (70/71-24/25),1326.7950255895205
1972-03-26,1971/72,Detroit Pistons (48/49-24/25),1395.8434263619213
1972-03-26,1971/72,Cleveland Cavaliers (70/71-24/25),1350.8848046234402
1972-03-26,1971/72,Oklahoma City Thunder (67/68-24/25),1587.2388581491982
1972-03-26,1971/72,Sacramento Kings (48/49-24/25),1518.0401714936704
1972-04-04,1971/72,Chicago Bulls (96/97-24/25),1664.8521761100833
1972-04-06,1971/72,Golden State Warriors (46/47-24/25),1656.6032071226464
1972-04-09,1971/72,Atlanta Hawks (49/50-24/25),1590.927669761478
1972-04-11,1971/72,Washington Wizards (61/62-24/25),1529.5670981043695
1972-04-22,1971/72,Milwaukee Bucks (68/69-24/25),1791.5908923712998
1972-04-23,1971/72,Boston Celtics (46/47-24/25),1658.7146850655367
1972-05-07,1971/72,Los Angeles Lakers (48/49-24/25),1895.0774683391044
1972-05-07,1971/72,New York Knicks (46/47-24/25),1666.6643259610569
1973-03-24,1972/73,Sacramento Kings (48/49-24/25),1499.3179082818694
1973-03-25,1972/73,Philadelphia 76ers (49/50-24/25),1248.2757544328906
1973-03-26,1972/73,Portland Trail Blazers (70/71-24/25),1390.4702636339923
1973-03-28,1972/73,Detroit Pistons (48/49-24/25),1625.755100772329
1973-03-28,1972/73,LA Clippers (70/71-24/25),1300.8747639562157
1973-03-28,1972/73,Cleveland Cavaliers (70/71-24/25),1511.1711390505154
1973-03-28,1972/73,Phoenix Suns (68/69-24/25),1546.8295694365877
1973-03-28,1972/73,Oklahoma City Thunder (67/68-24/25),1445.61166251664
1973-03-28,1972/73,Houston Rockets (67/68-24/25),1486.3914132084124
1973-04-08,1972/73,Washington Wizards (61/62-24/25),1634.0016405298195
1973-04-13,1972/73,Atlanta Hawks (49/50-24/25),1655.4288453757438
1973-04-13,1972/73,Milwaukee Bucks (68/69-24/25),1726.904722928027
1973-04-15,1972/73,Chicago Bulls (96/97-24/25),1662.7796276841211
1973-04-25,1972/73,Golden State Warriors (46/47-24/25),1625.151165138877
1973-04-29,1972/73,Boston Celtics (46/47-24/25),1798.3893892218307
1973-05-10,1972/73,New York Knicks (46/47-24/25),1794.085715756136
1973-05-10,1972/73,Los Angeles Lakers (48/49-24/25),1705.3917056635364
1974-03-26,1973/74,Sacramento Kings (48/49-24/25),1572.7093594826365
1974-03-26,1973/74,Houston Rockets (67/68-24/25),1520.2009345165195
1974-03-26,1973/74,Cleveland Cavaliers (70/71-24/25),1484.1095782188636
1974-03-26,1973/74,Atlanta Hawks (49/50-24/25),1499.7496973912846
1974-03-27,1973/74,Oklahoma City Thunder (67/68-24/25),1566.0495543679638
1974-03-27,1973/74,Phoenix Suns (68/69-24/25),1470.134761454373
1974-03-27,1973/74,Portland Trail Blazers (70/71-24/25),1412.0917583443268
1974-03-27,1973/74,Golden State Warriors (46/47-24/25),1551.6522389458753
1974-03-27,1973/74,Philadelphia 76ers (49/50-24/25),1417.1757726118656
1974-04-07,1973/74,Los Angeles Lakers (48/49-24/25),1640.8232735831884
1974-04-12,1973/74,LA Clippers (70/71-24/25),1559.599938184115
1974-04-12,1973/74,Washington Wizards (61/62-24/25),1603.8785491671397
1974-04-13,1973/74,Detroit Pistons (48/49-24/25),1648.715924789417
1974-04-22,1973/74,Chicago Bulls (96/97-24/25),1628.5050182904895
1974-04-24,1973/74,New York Knicks (46/47-24/25),1597.8469627244515
1974-05-12,1973/74,Boston Celtics (46/47-24/25),1727.9765246572863
1974-05-12,1973/74,Milwaukee Bucks (68/69-24/25),1755.610540857747
1975-04-05,1974/75,Philadelphia 76ers (49/50-24/25),1485.20633604582
1975-04-05,1974/75,Atlanta Hawks (49/50-24/25),1449.1250954788754
1975-04-06,1974/75,Milwaukee Bucks (68/69-24/25),1538.4394900829602
1975-04-06,1974/75,Utah Jazz (74/75-24/25),1485.3342243856962
1975-04-06,1974/75,Phoenix Suns (68/69-24/25),1434.1638559587575
1975-04-06,1974/75,Los Angeles Lakers (48/49-24/25),1450.5991588661325
1975-04-06,1974/75,Cleveland Cavaliers (70/71-24/25),1536.786835449184
1975-04-06,1974/75,Portland Trail Blazers (70/71-24/25),1565.445525304331
1975-04-12,1974/75,New York Knicks (46/47-24/25),1538.5367248955554
1975-04-12,1974/75,Detroit Pistons (48/49-24/25),1528.5498076173178
1975-04-23,1974/75,Sacramento Kings (48/49-24/25),1559.0613804239902
1975-04-24,1974/75,Houston Rockets (67/68-24/25),1558.729713413313
1975-04-24,1974/75,Oklahoma City Thunder (67/68-24/25),1612.0966241958406
1975-04-25,1974/75,LA Clippers (70/71-24/25),1625.5031778542643
1975-05-11,1974/75,Boston Celtics (46/47-24/25),1749.3154732887476
1975-05-14,1974/75,Chicago Bulls (96/97-24/25),1619.7274790793344
1975-05-25,1974/75,Golden State Warriors (46/47-24/25),1733.844975854728
1975-05-25,1974/75,Washington Wizards (61/62-24/25),1686.364509392694
1976-04-08,1975/76,Los Angeles Lakers (48/49-24/25),1536.4632483378618
1976-04-11,1975/76,New York Knicks (46/47-24/25),1554.9054313326703
1976-04-11,1975/76,Chicago Bulls (96/97-24/25),1405.065649484063
1976-04-11,1975/76,Sacramento Kings (48/49-24/25),1480.715267208578
1976-04-11,1975/76,Portland Trail Blazers (70/71-24/25),1561.386136370855
1976-04-11,1975/76,Houston Rockets (67/68-24/25),1548.9777468760171
1976-04-11,1975/76,Atlanta Hawks (49/50-24/25),1353.7034626902537
1976-04-11,1975/76,Utah Jazz (74/75-24/25),1569.431160528
1976-04-18,1975/76,Philadelphia 76ers (49/50-24/25),1572.4271565267395
1976-04-18,1975/76,Milwaukee Bucks (68/69-24/25),1535.182305577999
1976-04-27,1975/76,Oklahoma City Thunder (67/68-24/25),1593.9003235831988
1976-04-29,1975/76,Washington Wizards (61/62-24/25),1601.2537415669622
1976-04-30,1975/76,Detroit Pistons (48/49-24/25),1566.2135915371416
1976-05-02,1975/76,LA Clippers (70/71-24/25),1595.9266022028148
1976-05-16,1975/76,Golden State Warriors (46/47-24/25),1674.6486388213923
1976-05-18,1975/76,Cleveland Cavaliers (70/71-24/25),1635.2711718945145
1976-06-06,1975/76,Boston Celtics (46/47-24/25),1715.193819895264
1976-06-06,1975/76,Phoenix Suns (68/69-24/25),1656.164933153215
1977-04-07,1976/77,Indiana Pacers (76/77-24/25),1495.308007450608
1977-04-08,1976/77,Atlanta Hawks (49/50-24/25),1437.91893784153
1977-04-09,1976/77,Sacramento Kings (48/49-24/25),1491.2504653217638
1977-04-10,1976/77,Phoenix Suns (68/69-24/25),1486.120750408233
1977-04-10,1976/77,LA Clippers (70/71-24/25),1444.5455782163003
1977-04-10,1976/77,Utah Jazz (74/75-24/25),1484.8743379847886
1977-04-10,1976/77,Brooklyn Nets (76/77-24/25),1321.1009585706065
1977-04-10,1976/77,Oklahoma City Thunder (67/68-24/25),1522.3696725302482
1977-04-10,1976/77,New York Knicks (46/47-24/25),1580.0776408351132
1977-04-10,1976/77,Milwaukee Bucks (68/69-24/25),1535.0537143825748
1977-04-15,1976/77,San Antonio Spurs (76/77-24/25),1541.8986638834897
1977-04-17,1976/77,Detroit Pistons (48/49-24/25),1536.9289776489377
1977-04-17,1976/77,Chicago Bulls (96/97-24/25),1664.2331650765818
1977-04-17,1976/77,Cleveland Cavaliers (70/71-24/25),1551.168434069952
1977-05-01,1976/77,Washington Wizards (61/62-24/25),1609.6179795743235
1977-05-01,1976/77,Boston Celtics (46/47-24/25),1640.1345649879747
1977-05-02,1976/77,Denver Nuggets (76/77-24/25),1562.2774391832131
1977-05-04,1976/77,Golden State Warriors (46/47-24/25),1622.585452100963
1977-05-13,1976/77,Los Angeles Lakers (48/49-24/25),1607.9619886015946
1977-05-17,1976/77,Houston Rockets (67/68-24/25),1636.5729553592716
1977-06-05,1976/77,Portland Trail Blazers (70/71-24/25),1734.3088428459555
1977-06-05,1976/77,Philadelphia 76ers (49/50-24/25),1650.5218607135178
1978-04-08,1977/78,Indiana Pacers (76/77-24/25),1457.4746808324076
1978-04-08,1977/78,Houston Rockets (67/68-24/25),1413.0511381859662
1978-04-08,1977/78,Brooklyn Nets (76/77-24/25),1453.7261571096076
1978-04-09,1977/78,LA Clippers (70/71-24/25),1377.772486594981
1978-04-09,1977/78,Utah Jazz (74/75-24/25),1539.5304766262188
1978-04-09,1977/78,Chicago Bulls (96/97-24/25),1500.490868207399
1978-04-09,1977/78,Boston Celtics (46/47-24/25),1471.8572634677869
1978-04-09,1977/78,Detroit Pistons (48/49-24/25),1520.6713990098224
1978-04-09,1977/78,Sacramento Kings (48/49-24/25),1467.5368654692631
1978-04-09,1977/78,Golden State Warriors (46/47-24/25),1627.2243391779675
1978-04-14,1977/78,Cleveland Cavaliers (70/71-24/25),1586.4601378084285
1978-04-14,1977/78,Phoenix Suns (68/69-24/25),1552.3792956859445
1978-04-14,1977/78,Atlanta Hawks (49/50-24/25),1572.7896024185
1978-04-16,1977/78,Los Angeles Lakers (48/49-24/25),1612.6514825233753
1978-04-23,1977/78,New York Knicks (46/47-24/25),1555.405102729566
1978-04-28,1977/78,San Antonio Spurs (76/77-24/25),1634.1202764470358
1978-05-01,1977/78,Portland Trail Blazers (70/71-24/25),1594.610780709899
1978-05-03,1977/78,Milwaukee Bucks (68/69-24/25),1610.7782131906654
1978-05-12,1977/78,Philadelphia 76ers (49/50-24/25),1652.8199794219674
1978-05-17,1977/78,Denver Nuggets (76/77-24/25),1579.405954010762
1978-06-07,1977/78,Oklahoma City Thunder (67/68-24/25),1669.5338121464176
1978-06-07,1977/78,Washington Wizards (61/62-24/25),1706.5400758135595
1979-04-05,1978/79,New York Knicks (46/47-24/25),1397.9116706814525
1979-04-06,1978/79,Milwaukee Bucks (68/69-24/25),1578.7954549831836
1979-04-06,1978/79,Utah Jazz (74/75-24/25),1411.1171743177183
1979-04-07,1978/79,LA Clippers (70/71-24/25),1596.8531851446303
1979-04-08,1978/79,Boston Celtics (46/47-24/25),1399.2975334982411
1979-04-08,1978/79,Cleveland Cavaliers (70/71-24/25),1415.382599525438
1979-04-08,1978/79,Golden State Warriors (46/47-24/25),1563.1558621281276
1979-04-08,1978/79,Chicago Bulls (96/97-24/25),1478.307366775334
1979-04-08,1978/79,Indiana Pacers (76/77-24/25),1585.2398614244016
1979-04-08,1978/79,Detroit Pistons (48/49-24/25),1440.3965297165746
1979-04-13,1978/79,Houston Rockets (67/68-24/25),1592.7307345568097
1979-04-13,1978/79,Brooklyn Nets (76/77-24/25),1435.840646435459
1979-04-15,1978/79,Denver Nuggets (76/77-24/25),1618.2687668365345
1979-04-15,1978/79,Portland Trail Blazers (70/71-24/25),1616.876868473661
1979-04-25,1978/79,Los Angeles Lakers (48/49-24/25),1579.1260990569074
1979-04-27,1978/79,Sacramento Kings (48/49-24/25),1572.3492988341225
1979-04-29,1978/79,Atlanta Hawks (49/50-24/25),1635.71544779974
1979-05-02,1978/79,Philadelphia 76ers (49/50-24/25),1609.755481837274
1979-05-17,1978/79,Phoenix Suns (68/69-24/25),1676.438060281636
1979-05-18,1978/79,San Antonio Spurs (76/77-24/25),1596.3023859341088
1979-06-01,1978/79,Oklahoma City Thunder (67/68-24/25),1738.351565331041
1979-06-01,1978/79,Washington Wizards (61/62-24/25),1618.6177940151467
1980-03-27,1979/80,New York Knicks (46/47-24/25),1516.0763260681656
1980-03-27,1979/80,Denver Nuggets (76/77-24/25),1466.4813497800455
1980-03-30,1979/80,Brooklyn Nets (76/77-24/25),1489.926581249641
1980-03-30,1979/80,Utah Jazz (74/75-24/25),1395.7788292919097
1980-03-30,1979/80,Detroit Pistons (48/49-24/25),1250.547865556833
1980-03-30,1979/80,Indiana Pacers (76/77-24/25),1506.6700177124285
1980-03-30,1979/80,LA Clippers (70/71-24/25),1435.7325011804012
1980-03-30,1979/80,Cleveland Cavaliers (70/71-24/25),1577.0352051262455
1980-03-30,1979/80,Golden State Warriors (46/47-24/25),1393.2207195300923
1980-03-30,1979/80,Chicago Bulls (96/97-24/25),1484.0350558798732
1980-04-04,1979/80,Washington Wizards (61/62-24/25),1552.6681920756898
1980-04-06,1979/80,Portland Trail Blazers (70/71-24/25),1530.021865057623
1980-04-06,1979/80,San Antonio Spurs (76/77-24/25),1526.339959272629
1980-04-06,1979/80,Sacramento Kings (48/49-24/25),1585.1199207137654
1980-04-14,1979/80,Houston Rockets (67/68-24/25),1539.670290312776
1980-04-15,1979/80,Phoenix Suns (68/69-24/25),1689.5517712397138
1980-04-15,1979/80,Atlanta Hawks (49/50-24/25),1611.5620140749345
1980-04-20,1979/80,Milwaukee Bucks (68/69-24/25),1648.715730400434
1980-04-27,1979/80,Boston Celtics (46/47-24/25),1692.076227031987
1980-04-30,1979/80,Oklahoma City Thunder (67/68-24/25),1665.6878683012037
1980-05-16,1979/80,Los Angeles Lakers (48/49-24/25),1839.1077706168376
1980-05-16,1979/80,Philadelphia 76ers (49/50-24/25),1760.8043271143122
1981-03-28,1980/81,Detroit Pistons (48/49-24/25),1386.0289137101047
1981-03-29,1980/81,LA Clippers (70/71-24/25),1505.3226558709655
1981-03-29,1980/81,Denver Nuggets (76/77-24/25),1577.8522767408365
1981-03-29,1980/81,Dallas Mavericks (80/81-24/25),1340.3431078833928
1981-03-29,1980/81,Cleveland Cavaliers (70/71-24/25),1409.0797979660197
1981-03-29,1980/81,Atlanta Hawks (49/50-24/25),1447.8712133327576
1981-03-29,1980/81,Golden State Warriors (46/47-24/25),1469.6765326375876
1981-03-29,1980/81,Oklahoma City Thunder (67/68-24/25),1468.7340547101344
1981-03-29,1980/81,Utah Jazz (74/75-24/25),1358.7853165951806
1981-03-29,1980/81,Brooklyn Nets (76/77-24/25),1397.2788129821408
1981-03-29,1980/81,Washington Wizards (61/62-24/25),1565.2859474846523
1981-04-02,1980/81,Indiana Pacers (76/77-24/25),1547.9755165803244
1981-04-03,1980/81,New York Knicks (46/47-24/25),1614.3870955979537
1981-04-05,1980/81,Los Angeles Lakers (48/49-24/25),1633.933997637787
1981-04-05,1980/81,Portland Trail Blazers (70/71-24/25),1625.609664080598
1981-04-12,1980/81,Chicago Bulls (96/97-24/25),1650.9200183720354
1981-04-17,1980/81,San Antonio Spurs (76/77-24/25),1593.2497040650194
1981-04-19,1980/81,Phoenix Suns (68/69-24/25),1604.8724864607975
1981-04-19,1980/81,Milwaukee Bucks (68/69-24/25),1719.8424542051296
1981-04-29,1980/81,Sacramento Kings (48/49-24/25),1561.0068591302122
1981-05-03,1980/81,Philadelphia 76ers (49/50-24/25),1730.442811580937
1981-05-14,1980/81,Boston Celtics (46/47-24/25),1795.72457222374
1981-05-14,1980/81,Houston Rockets (67/68-24/25),1652.6065777392346
1982-04-15,1981/82,LA Clippers (70/71-24/25),1259.092493865597
1982-04-17,1981/82,Golden State Warriors (46/47-24/25),1560.30302583629
1982-04-17,1981/82,Dallas Mavericks (80/81-24/25),1449.8648507611945
1982-04-18,1981/82,Portland Trail Blazers (70/71-24/25),1531.5168804201296
1982-04-18,1981/82,Utah Jazz (74/75-24/25),1378.3765180246585
1982-04-18,1981/82,Detroit Pistons (48/49-24/25),1567.761486919478
1982-04-18,1981/82,Cleveland Cavaliers (70/71-24/25),1254.3330189940482
1982-04-18,1981/82,New York Knicks (46/47-24/25),1434.1194508862825
1982-04-18,1981/82,Sacramento Kings (48/49-24/25),1482.9801676298107
1982-04-18,1981/82,Chicago Bulls (96/97-24/25),1533.8456297257858
1982-04-18,1981/82,Indiana Pacers (76/77-24/25),1477.4762140037406
1982-04-23,1981/82,Brooklyn Nets (76/77-24/25),1631.386583669191
1982-04-23,1981/82,Atlanta Hawks (49/50-24/25),1588.0002862110814
1982-04-24,1981/82,Denver Nuggets (76/77-24/25),1585.0201769646071
1982-04-25,1981/82,Houston Rockets (67/68-24/25),1589.426901995934
1982-05-02,1981/82,Phoenix Suns (68/69-24/25),1568.0461323035652
1982-05-05,1981/82,Washington Wizards (61/62-24/25),1645.4378548936047
1982-05-05,1981/82,Oklahoma City Thunder (67/68-24/25),1560.485910619484
1982-05-07,1981/82,Milwaukee Bucks (68/69-24/25),1660.1549258154987
1982-05-15,1981/82,San Antonio Spurs (76/77-24/25),1559.0662362919911
1982-05-23,1981/82,Boston Celtics (46/47-24/25),1784.246805801778
1982-06-08,1981/82,Los Angeles Lakers (48/49-24/25),1802.602977120095
1982-06-08,1981/82,Philadelphia 76ers (49/50-24/25),1753.2858588336962
1983-04-16,1982/83,Golden State Warriors (46/47-24/25),1429.7284063242223
1983-04-16,1982/83,Detroit Pistons (48/49-24/25),1511.480987975866
1983-04-16,1982/83,Dallas Mavericks (80/81-24/25),1460.8937175165045
1983-04-16,1982/83,Utah Jazz (74/75-24/25),1434.5727683145176
1983-04-16,1982/83,Houston Rockets (67/68-24/25),1279.8792375353553
1983-04-17,1982/83,Washington Wizards (61/62-24/25),1631.11551830476
1983-04-17,1982/83,LA Clippers (70/71-24/25),1373.134735555218
1983-04-17,1982/83,Sacramento Kings (48/49-24/25),1600.6737770582538
1983-04-17,1982/83,Cleveland Cavaliers (70/71-24/25),1423.5893287172553
1983-04-17,1982/83,Indiana Pacers (76/77-24/25),1312.2095789480545
1983-04-17,1982/83,Chicago Bulls (96/97-24/25),1439.3304192035132
1983-04-21,1982/83,Brooklyn Nets (76/77-24/25),1572.9861025480168
1983-04-22,1982/83,Oklahoma City Thunder (67/68-24/25),1580.584801122582
1983-04-24,1982/83,Atlanta Hawks (49/50-24/25),1596.5253121139851
1983-04-24,1982/83,Phoenix Suns (68/69-24/25),1684.0243136088488
1983-05-01,1982/83,New York Knicks (46/47-24/25),1642.8529981962522
1983-05-02,1982/83,Boston Celtics (46/47-24/25),1610.264014825902
1983-05-03,1982/83,Portland Trail Blazers (70/71-24/25),1580.3372227340926
1983-05-04,1982/83,Denver Nuggets (76/77-24/25),1616.8416330464138
1983-05-18,1982/83,Milwaukee Bucks (68/69-24/25),1669.6484146547862
1983-05-20,1982/83,San Antonio Spurs (76/77-24/25),1681.9944427382743
1983-05-31,1982/83,Philadelphia 76ers (49/50-24/25),1845.72519322616
1983-05-31,1982/83,Los Angeles Lakers (48/49-24/25),1678.4374633187062
1984-04-14,1983/84,Cleveland Cavaliers (70/71-24/25),1428.4677390794236
1984-04-14,1983/84,LA Clippers (70/71-24/25),1463.4664513624998
1984-04-14,1983/84,Indiana Pacers (76/77-24/25),1444.413241649811
1984-04-14,1983/84,Houston Rockets (67/68-24/25),1379.2550549847065
1984-04-15,1983/84,San Antonio Spurs (76/77-24/25),1544.3068271306056
1984-04-15,1983/84,Golden State Warriors (46/47-24/25),1511.570362462925
1984-04-15,1983/84,Chicago Bulls (96/97-24/25),1362.737553865063
1984-04-22,1983/84,Sacramento Kings (48/49-24/25),1495.4063983706958
1984-04-24,1983/84,Washington Wizards (61/62-24/25),1488.4326909235858
1984-04-26,1983/84,Philadelphia 76ers (49/50-24/25),1637.7053419174515
1984-04-26,1983/84,Atlanta Hawks (49/50-24/25),1571.0495664143386
1984-04-26,1983/84,Oklahoma City Thunder (67/68-24/25),1537.064230645431
1984-04-26,1983/84,Portland Trail Blazers (70/71-24/25),1553.9774240199563
1984-04-26,1983/84,Denver Nuggets (76/77-24/25),1511.117171347942
1984-04-27,1983/84,Detroit Pistons (48/49-24/25),1641.1918870249262
1984-05-08,1983/84,Dallas Mavericks (80/81-24/25),1544.5777065169475
1984-05-10,1983/84,Utah Jazz (74/75-24/25),1539.728454866227
1984-05-10,1983/84,Brooklyn Nets (76/77-24/25),1625.4679740460688
1984-05-13,1983/84,New York Knicks (46/47-24/25),1624.424279783856
1984-05-23,1983/84,Milwaukee Bucks (68/69-24/25),1665.2795606998288
1984-05-25,1983/84,Phoenix Suns (68/69-24/25),1627.8141201957008
1984-06-12,1983/84,Boston Celtics (46/47-24/25),1758.558218366378
1984-06-12,1983/84,Los Angeles Lakers (48/49-24/25),1700.8181319131706
1985-04-13,1984/85,Atlanta Hawks (49/50-24/25),1498.4825062023217
1985-04-13,1984/85,New York Knicks (46/47-24/25),1346.901000830633
1985-04-13,1984/85,Indiana Pacers (76/77-24/25),1340.2671565757546
1985-04-14,1984/85,LA Clippers (70/71-24/25),1465.6408720825991
1985-04-14,1984/85,Golden State Warriors (46/47-24/25),1379.9274055038445
1985-04-14,1984/85,Oklahoma City Thunder (67/68-24/25),1395.8569075416526
1985-04-14,1984/85,Sacramento Kings (48/49-24/25),1482.0716103945883
1985-04-23,1984/85,Phoenix Suns (68/69-24/25),1447.5473849578232
1985-04-24,1984/85,Brooklyn Nets (76/77-24/25),1572.294039746329
1985-04-25,1984/85,Dallas Mavericks (80/81-24/25),1526.6494677155267
1985-04-25,1984/85,Cleveland Cavaliers (70/71-24/25),1594.5318203725424
1985-04-26,1984/85,Chicago Bulls (96/97-24/25),1494.630009831638
1985-04-26,1984/85,Washington Wizards (61/62-24/25),1514.0863284830084
1985-04-28,1984/85,Houston Rockets (67/68-24/25),1581.74064859185
1985-04-28,1984/85,San Antonio Spurs (76/77-24/25),1559.8737030373252
1985-05-05,1984/85,Milwaukee Bucks (68/69-24/25),1675.6853420207472
1985-05-07,1984/85,Utah Jazz (74/75-24/25),1566.2273270861651
1985-05-07,1984/85,Portland Trail Blazers (70/71-24/25),1627.3292997342242
1985-05-10,1984/85,Detroit Pistons (48/49-24/25),1644.9384517501114
1985-05-22,1984/85,Denver Nuggets (76/77-24/25),1653.8882494804895
1985-05-22,1984/85,Philadelphia 76ers (49/50-24/25),1679.623424860229
1985-06-09,1984/85,Los Angeles Lakers (48/49-24/25),1851.6559608656728
1985-06-09,1984/85,Boston Celtics (46/47-24/25),1756.9814699224648
1986-04-12,1985/86,Golden State Warriors (46/47-24/25),1489.101103351779
1986-04-12,1985/86,New York Knicks (46/47-24/25),1327.632374157694
1986-04-12,1985/86,Oklahoma City Thunder (67/68-24/25),1470.3128494599428
1986-04-12,1985/86,Indiana Pacers (76/77-24/25),1397.3349964790154
1986-04-13,1985/86,Cleveland Cavaliers (70/71-24/25),1421.2549533134377
1986-04-13,1985/86,Phoenix Suns (68/69-24/25),1467.2042431760708
1986-04-13,1985/86,LA Clippers (70/71-24/25),1501.197315383669
1986-04-22,1985/86,Brooklyn Nets (76/77-24/25),1463.6950399119903
1986-04-22,1985/86,Chicago Bulls (96/97-24/25),1479.3363763302334
1986-04-22,1985/86,Sacramento Kings (48/49-24/25),1518.4170579656288
1986-04-23,1985/86,San Antonio Spurs (76/77-24/25),1412.9003928523864
1986-04-24,1985/86,Portland Trail Blazers (70/71-24/25),1497.3580350494594
1986-04-25,1985/86,Detroit Pistons (48/49-24/25),1579.775024799349
1986-04-25,1985/86,Utah Jazz (74/75-24/25),1553.3236259943512
1986-04-27,1985/86,Washington Wizards (61/62-24/25),1562.4128131375694
1986-05-06,1985/86,Atlanta Hawks (49/50-24/25),1652.5706604971328
1986-05-08,1985/86,Dallas Mavericks (80/81-24/25),1607.9819811528423
1986-05-08,1985/86,Denver Nuggets (76/77-24/25),1577.969509452608
1986-05-11,1985/86,Philadelphia 76ers (49/50-24/25),1684.2545059607355
1986-05-18,1985/86,Milwaukee Bucks (68/69-24/25),1701.345785306385
1986-05-21,1985/86,Los Angeles Lakers (48/49-24/25),1685.3575249208816
1986-06-08,1985/86,Boston Celtics (46/47-24/25),1869.7948791991228
1986-06-08,1985/86,Houston Rockets (67/68-24/25),1736.2993397352557
1987-04-18,1986/87,Brooklyn Nets (76/77-24/25),1431.5099081331132
1987-04-18,1986/87,Phoenix Suns (68/69-24/25),1564.07250425549
1987-04-18,1986/87,Sacramento Kings (48/49-24/25),1467.668527754961
1987-04-18,1986/87,Cleveland Cavaliers (70/71-24/25),1472.88565867065
1987-04-18,1986/87,New York Knicks (46/47-24/25),1388.3502968347416
1987-04-19,1986/87,LA Clippers (70/71-24/25),1235.6052708807106
1987-04-19,1986/87,San Antonio Spurs (76/77-24/25),1421.5325433844032
1987-04-28,1986/87,Chicago Bulls (96/97-24/25),1513.3030289716166
1987-04-29,1986/87,Washington Wizards (61/62-24/25),1514.125705799403
1987-04-29,1986/87,Denver Nuggets (76/77-24/25),1523.7061521854334
1987-04-30,1986/87,Dallas Mavericks (80/81-24/25),1621.430202710069
1987-04-30,1986/87,Portland Trail Blazers (70/71-24/25),1553.2478946206934
1987-05-01,1986/87,Indiana Pacers (76/77-24/25),1572.503228057128
1987-05-03,1986/87,Philadelphia 76ers (49/50-24/25),1581.4229531623484
1987-05-03,1986/87,Utah Jazz (74/75-24/25),1513.1395548697749
1987-05-12,1986/87,Golden State Warriors (46/47-24/25),1562.001869846487
1987-05-13,1986/87,Atlanta Hawks (49/50-24/25),1688.481214540942
1987-05-14,1986/87,Houston Rockets (67/68-24/25),1558.64811884134
1987-05-17,1986/87,Milwaukee Bucks (68/69-24/25),1658.8545560237285
1987-05-25,1986/87,Oklahoma City Thunder (67/68-24/25),1557.8521399317326
1987-05-30,1986/87,Detroit Pistons (48/49-24/25),1708.2756041354255
1987-06-14,1986/87,Los Angeles Lakers (48/49-24/25),1820.4123005073889
1987-06-14,1986/87,Boston Celtics (46/47-24/25),1727.8011534699622
1988-04-23,1987/88,Brooklyn Nets (76/77-24/25),1335.1770335727413
1988-04-23,1987/88,Indiana Pacers (76/77-24/25),1500.4514720076345
1988-04-23,1987/88,Sacramento Kings (48/49-24/25),1375.613779318966
1988-04-24,1987/88,LA Clippers (70/71-24/25),1266.6173644404057
1988-04-24,1987/88,Phoenix Suns (68/69-24/25),1453.8649213382162
1988-04-24,1987/88,Golden State Warriors (46/47-24/25),1331.7209683413716
1988-04-24,1987/88,Philadelphia 76ers (49/50-24/25),1515.6442138246766
1988-05-03,1987/88,San Antonio Spurs (76/77-24/25),1418.430180600772
1988-05-05,1987/88,Houston Rockets (67/68-24/25),1534.8806037259726
1988-05-06,1987/88,Portland Trail Blazers (70/71-24/25),1637.9988323833516
1988-05-06,1987/88,New York Knicks (46/47-24/25),1588.7611670570643
1988-05-07,1987/88,Oklahoma City Thunder (67/68-24/25),1577.3260423165468
1988-05-08,1987/88,Milwaukee Bucks (68/69-24/25),1516.2442149761891
1988-05-08,1987/88,Cleveland Cavaliers (70/71-24/25),1621.2844513358516
1988-05-08,1987/88,Washington Wizards (61/62-24/25),1585.8900047558548
1988-05-18,1987/88,Chicago Bulls (96/97-24/25),1624.8296378618545
1988-05-19,1987/88,Denver Nuggets (76/77-24/25),1658.0898183252991
1988-05-21,1987/88,Utah Jazz (74/75-24/25),1679.549678035159
1988-05-22,1987/88,Atlanta Hawks (49/50-24/25),1608.78161233796
1988-06-03,1987/88,Boston Celtics (46/47-24/25),1667.418991876162
1988-06-04,1987/88,Dallas Mavericks (80/81-24/25),1694.8400641729834
1988-06-21,1987/88,Los Angeles Lakers (48/49-24/25),1750.4134767327685
1988-06-21,1987/88,Detroit Pistons (48/49-24/25),1713.0018582497407
1989-04-22,1988/89,Indiana Pacers (76/77-24/25),1537.4360212492172
1989-04-22,1988/89,Brooklyn Nets (76/77-24/25),1358.4259462893317
1989-04-22,1988/89,LA Clippers (70/71-24/25),1379.138582841853
1989-04-22,1988/89,Miami Heat (88/89-24/25),1319.309936501176
1989-04-22,1988/89,San Antonio Spurs (76/77-24/25),1313.7287940858691
1989-04-23,1988/89,Sacramento Kings (48/49-24/25),1463.0143864253748
1989-04-23,1988/89,Dallas Mavericks (80/81-24/25),1468.0645719058996
1989-04-23,1988/89,Washington Wizards (61/62-24/25),1606.3486660314395
1989-04-23,1988/89,Charlotte Hornets (88/89-24/25),1351.4167112508867
1989-05-02,1988/89,Boston Celtics (46/47-24/25),1547.4494092687576
1989-05-02,1988/89,Denver Nuggets (76/77-24/25),1505.5878906890148
1989-05-02,1988/89,Utah Jazz (74/75-24/25),1568.21352557031
1989-05-02,1988/89,Philadelphia 76ers (49/50-24/25),1575.411116884952
1989-05-03,1988/89,Portland Trail Blazers (70/71-24/25),1467.065860512708
1989-05-05,1988/89,Houston Rockets (67/68-24/25),1525.5603840991091
1989-05-07,1988/89,Atlanta Hawks (49/50-24/25),1672.1119944262073
1989-05-07,1988/89,Cleveland Cavaliers (70/71-24/25),1646.426213193985
1989-05-14,1988/89,Oklahoma City Thunder (67/68-24/25),1567.4227272177418
1989-05-15,1988/89,Milwaukee Bucks (68/69-24/25),1599.3988743713555
1989-05-16,1988/89,Golden State Warriors (46/47-24/25),1539.7262092448073
1989-05-19,1988/89,New York Knicks (46/47-24/25),1625.1801309688988
1989-05-28,1988/89,Phoenix Suns (68/69-24/25),1677.386380214834
1989-06-02,1988/89,Chicago Bulls (96/97-24/25),1672.4873717228415
1989-06-13,1988/89,Detroit Pistons (48/49-24/25),1914.61570366538
1989-06-13,1988/89,Los Angeles Lakers (48/49-24/25),1755.9029789555923
1990-04-21,1989/90,Miami Heat (88/89-24/25),1309.22267981889
1990-04-21,1989/90,Atlanta Hawks (49/50-24/25),1585.0617593502695
1990-04-21,1989/90,Sacramento Kings (48/49-24/25),1342.5418598273911
1990-04-21,1989/90,LA Clippers (70/71-24/25),1389.3962609923565
1990-04-22,1989/90,Orlando Magic (89/90-24/25),1258.5359192665064
1990-04-22,1989/90,Minnesota Timberwolves (89/90-24/25),1385.7657467697547
1990-04-22,1989/90,Washington Wizards (61/62-24/25),1424.26743319782
1990-04-22,1989/90,Brooklyn Nets (76/77-24/25),1246.0107633411862
1990-04-22,1989/90,Charlotte Hornets (88/89-24/25),1373.3514703740684
1990-04-22,1989/90,Golden State Warriors (46/47-24/25),1502.6685133370854
1990-04-22,1989/90,Oklahoma City Thunder (67/68-24/25),1538.9439086602422
1990-05-01,1989/90,Denver Nuggets (76/77-24/25),1517.0794564585092
1990-05-01,1989/90,Dallas Mavericks (80/81-24/25),1617.4800475218915
1990-05-01,1989/90,Indiana Pacers (76/77-24/25),1513.0590923426917
1990-05-03,1989/90,Houston Rockets (67/68-24/25),1588.5150942429727
1990-05-03,1989/90,Milwaukee Bucks (68/69-24/25),1565.393759332885
1990-05-05,1989/90,Cleveland Cavaliers (70/71-24/25),1624.289803381679
1990-05-06,1989/90,Utah Jazz (74/75-24/25),1617.1139292452078
1990-05-06,1989/90,Boston Celtics (46/47-24/25),1631.7090804284774
1990-05-15,1989/90,Los Angeles Lakers (48/49-24/25),1712.6704799239965
1990-05-15,1989/90,New York Knicks (46/47-24/25),1534.310217635778
1990-05-16,1989/90,Philadelphia 76ers (49/50-24/25),1654.96146085016
1990-05-19,1989/90,San Antonio Spurs (76/77-24/25),1724.1277448646429
1990-05-31,1989/90,Phoenix Suns (68/69-24/25),1715.5477938521603
1990-06-03,1989/90,Chicago Bulls (96/97-24/25),1735.7019544057985
1990-06-14,1989/90,Detroit Pistons (48/49-24/25),1808.7489880094176
1990-06-14,1989/90,Portland Trail Blazers (70/71-24/25),1740.3551701557035
1991-04-20,1990/91,Charlotte Hornets (88/89-24/25),1414.4024768404695
1991-04-20,1990/91,Miami Heat (88/89-24/25),1355.037324699255
1991-04-21,1990/91,Sacramento Kings (48/49-24/25),1423.149082894948
1991-04-21,1990/91,LA Clippers (70/71-24/25),1463.839641799691
1991-04-21,1990/91,Cleveland Cavaliers (70/71-24/25),1519.4375097014831
1991-04-21,1990/91,Denver Nuggets (76/77-24/25),1317.2982392657232
1991-04-21,1990/91,Orlando Magic (89/90-24/25),1518.869162466951
1991-04-21,1990/91,Washington Wizards (61/62-24/25),1396.7417738049635
1991-04-21,1990/91,Minnesota Timberwolves (89/90-24/25),1461.171530559718
1991-04-21,1990/91,Brooklyn Nets (76/77-24/25),1376.3649042864186
1991-04-21,1990/91,Dallas Mavericks (80/81-24/25),1413.9940302466766
1991-04-30,1990/91,New York Knicks (46/47-24/25),1518.6713870023284
1991-04-30,1990/91,Milwaukee Bucks (68/69-24/25),1521.4036864853103
1991-04-30,1990/91,Houston Rockets (67/68-24/25),1634.3743705611523
1991-05-02,1990/91,Phoenix Suns (68/69-24/25),1647.0387506197362
1991-05-03,1990/91,San Antonio Spurs (76/77-24/25),1629.1365749813508
1991-05-04,1990/91,Oklahoma City Thunder (67/68-24/25),1601.0030135479171
1991-05-05,1990/91,Indiana Pacers (76/77-24/25),1561.363592874981
1991-05-05,1990/91,Atlanta Hawks (49/50-24/25),1529.228939218082
1991-05-14,1990/91,Utah Jazz (74/75-24/25),1666.140160077564
1991-05-14,1990/91,Philadelphia 76ers (49/50-24/25),1569.5869279347985
1991-05-14,1990/91,Golden State Warriors (46/47-24/25),1607.85714805042
1991-05-17,1990/91,Boston Celtics (46/47-24/25),1563.0668604913244
1991-05-27,1990/91,Detroit Pistons (48/49-24/25),1589.7250863633783
1991-05-30,1990/91,Portland Trail Blazers (70/71-24/25),1751.1915103996885
1991-06-12,1990/91,Chicago Bulls (96/97-24/25),1854.401709144836
1991-06-12,1990/91,Los Angeles Lakers (48/49-24/25),1752.334993268377
1992-04-17,1991/92,Sacramento Kings (48/49-24/25),1483.4576924335104
1992-04-18,1991/92,Milwaukee Bucks (68/69-24/25),1373.8687515624836
1992-04-18,1991/92,Orlando Magic (89/90-24/25),1358.1153120278325
1992-04-18,1991/92,Philadelphia 76ers (49/50-24/25),1443.6149840341272
1992-04-18,1991/92,Washington Wizards (61/62-24/25),1346.6528877301637
1992-04-19,1991/92,Dallas Mavericks (80/81-24/25),1333.791129089235
1992-04-19,1991/92,Atlanta Hawks (49/50-24/25),1495.966962986237
1992-04-19,1991/92,Denver Nuggets (76/77-24/25),1286.3272359471616
1992-04-19,1991/92,Houston Rockets (67/68-24/25),1516.5548350267438
1992-04-19,1991/92,Minnesota Timberwolves (89/90-24/25),1302.5222806728063
1992-04-19,1991/92,Charlotte Hornets (88/89-24/25),1442.3770206997197
1992-04-27,1991/92,Indiana Pacers (76/77-24/25),1556.7856361929416
1992-04-29,1991/92,San Antonio Spurs (76/77-24/25),1525.0287536573255
1992-04-29,1991/92,Miami Heat (88/89-24/25),1487.376503180802
1992-04-30,1991/92,Brooklyn Nets (76/77-24/25),1580.642390061449
1992-04-30,1991/92,Golden State Warriors (46/47-24/25),1647.4526229746918
1992-05-03,1991/92,Los Angeles Lakers (48/49-24/25),1544.562479054495
1992-05-03,1991/92,Detroit Pistons (48/49-24/25),1602.9928153909868
1992-05-04,1991/92,LA Clippers (70/71-24/25),1607.51942773352
1992-05-14,1991/92,Phoenix Suns (68/69-24/25),1671.4537092502944
1992-05-14,1991/92,Oklahoma City Thunder (67/68-24/25),1650.05312185602
1992-05-17,1991/92,New York Knicks (46/47-24/25),1654.8105588434748
1992-05-17,1991/92,Boston Celtics (46/47-24/25),1725.5494015725883
1992-05-28,1991/92,Utah Jazz (74/75-24/25),1711.988050064729
1992-05-29,1991/92,Cleveland Cavaliers (70/71-24/25),1728.4472834504395
1992-06-14,1991/92,Chicago Bulls (96/97-24/25),1829.937506035457
1992-06-14,1991/92,Portland Trail Blazers (70/71-24/25),1748.9810360583056
1993-04-24,1992/93,Milwaukee Bucks (68/69-24/25),1370.8753951794606
1993-04-24,1992/93,Dallas Mavericks (80/81-24/25),1265.4494375540803
1993-04-24,1992/93,Miami Heat (88/89-24/25),1521.004795068729
1993-04-24,1992/93,Orlando Magic (89/90-24/25),1550.106114704263
1993-04-24,1992/93,Sacramento Kings (48/49-24/25),1351.7224115612592
1993-04-25,1992/93,Denver Nuggets (76/77-24/25),1511.8443952567072
1993-04-25,1992/93,Washington Wizards (61/62-24/25),1333.1474220665243
1993-04-25,1992/93,Detroit Pistons (48/49-24/25),1595.344402148596
1993-04-25,1992/93,Golden State Warriors (46/47-24/25),1458.4288273221296
1993-04-25,1992/93,Philadelphia 76ers (49/50-24/25),1384.738379469083
1993-04-25,1992/93,Minnesota Timberwolves (89/90-24/25),1304.5221171229084
1993-05-04,1992/93,Atlanta Hawks (49/50-24/25),1565.5711780784893
1993-05-05,1992/93,Boston Celtics (46/47-24/25),1626.777053302675
1993-05-06,1992/93,Indiana Pacers (76/77-24/25),1580.9851128863668
1993-05-07,1992/93,Portland Trail Blazers (70/71-24/25),1580.3814372225374
1993-05-08,1992/93,LA Clippers (70/71-24/25),1565.137148435548
1993-05-08,1992/93,Utah Jazz (74/75-24/25),1564.3456740332076
1993-05-09,1992/93,Brooklyn Nets (76/77-24/25),1519.8104348645024
1993-05-09,1992/93,Los Angeles Lakers (48/49-24/25),1502.8968723806113
1993-05-17,1992/93,Cleveland Cavaliers (70/71-24/25),1645.7438465744926
1993-05-18,1992/93,Charlotte Hornets (88/89-24/25),1631.4793091595895
1993-05-20,1992/93,San Antonio Spurs (76/77-24/25),1603.4672416748465
1993-05-22,1992/93,Houston Rockets (67/68-24/25),1666.9224637251398
1993-06-04,1992/93,New York Knicks (46/47-24/25),1760.183070281922
1993-06-05,1992/93,Oklahoma City Thunder (67/68-24/25),1664.8979966185602
1993-06-20,1992/93,Chicago Bulls (96/97-24/25),1823.7503623881628
1993-06-20,1992/93,Phoenix Suns (68/69-24/25),1707.2974885071474
1994-04-23,1993/94,Milwaukee Bucks (68/69-24/25),1293.9049290225803
1994-04-24,1993/94,Charlotte Hornets (88/89-24/25),1591.7586331131058
1994-04-24,1993/94,Washington Wizards (61/62-24/25),1379.636861433548
1994-04-24,1993/94,Dallas Mavericks (80/81-24/25),1303.9139651103608
1994-04-24,1993/94,Minnesota Timberwolves (89/90-24/25),1274.29358663832
1994-04-24,1993/94,Philadelphia 76ers (49/50-24/25),1331.061566053001
1994-04-24,1993/94,Boston Celtics (46/47-24/25),1455.9947098824596
1994-04-24,1993/94,LA Clippers (70/71-24/25),1397.279152053915
1994-04-24,1993/94,Detroit Pistons (48/49-24/25),1309.858720348313
1994-04-24,1993/94,Sacramento Kings (48/49-24/25),1443.767923306681
1994-04-24,1993/94,Los Angeles Lakers (48/49-24/25),1461.206844294555
1994-05-02,1993/94,Orlando Magic (89/90-24/25),1602.9430643703924
1994-05-03,1993/94,Cleveland Cavaliers (70/71-24/25),1575.8046383075598
1994-05-04,1993/94,Golden State Warriors (46/47-24/25),1623.5484188398534
1994-05-05,1993/94,San Antonio Spurs (76/77-24/25),1626.114807339262
1994-05-06,1993/94,Brooklyn Nets (76/77-24/25),1599.8362159910062
1994-05-06,1993/94,Portland Trail Blazers (70/71-24/25),1564.2266932662762
1994-05-07,1993/94,Oklahoma City Thunder (67/68-24/25),1724.5839619266617
1994-05-08,1993/94,Miami Heat (88/89-24/25),1542.3069986547202
1994-05-19,1993/94,Atlanta Hawks (49/50-24/25),1646.9059233046833
1994-05-21,1993/94,Denver Nuggets (76/77-24/25),1645.6396461200773
1994-05-21,1993/94,Phoenix Suns (68/69-24/25),1719.432270186344
1994-05-22,1993/94,Chicago Bulls (96/97-24/25),1704.4239849840906
1994-05-31,1993/94,Utah Jazz (74/75-24/25),1652.0631837608623
1994-06-05,1993/94,Indiana Pacers (76/77-24/25),1707.6118327225086
1994-06-22,1993/94,Houston Rockets (67/68-24/25),1758.9054814835667
1994-06-22,1993/94,New York Knicks (46/47-24/25),1719.8063750728347
1995-04-23,1994/95,Golden State Warriors (46/47-24/25),1409.5499997964364
1995-04-23,1994/95,Washington Wizards (61/62-24/25),1339.238090670392
1995-04-23,1994/95,Sacramento Kings (48/49-24/25),1509.2163099397465
1995-04-23,1994/95,Miami Heat (88/89-24/25),1456.1095675323563
1995-04-23,1994/95,Detroit Pistons (48/49-24/25),1388.3782276021052
1995-04-23,1994/95,LA Clippers (70/71-24/25),1349.046913857603
1995-04-23,1994/95,Dallas Mavericks (80/81-24/25),1509.4717599455898
1995-04-23,1994/95,Brooklyn Nets (76/77-24/25),1396.923590721801
1995-04-23,1994/95,Minnesota Timberwolves (89/90-24/25),1352.834339278722
1995-04-23,1994/95,Milwaukee Bucks (68/69-24/25),1504.3718230792688
1995-04-23,1994/95,Philadelphia 76ers (49/50-24/25),1371.7822797745746
1995-05-02,1994/95,Denver Nuggets (76/77-24/25),1576.5101797687594
1995-05-02,1994/95,Atlanta Hawks (49/50-24/25),1540.1670462576574
1995-05-02,1994/95,Portland Trail Blazers (70/71-24/25),1552.30494325555
1995-05-04,1994/95,Charlotte Hornets (88/89-24/25),1584.7437444886602
1995-05-04,1994/95,Oklahoma City Thunder (67/68-24/25),1640.9861866585168
1995-05-04,1994/95,Cleveland Cavaliers (70/71-24/25),1495.4180258902747
1995-05-05,1994/95,Boston Celtics (46/47-24/25),1479.2314829527884
1995-05-07,1994/95,Utah Jazz (74/75-24/25),1693.473414672223
1995-05-18,1994/95,Chicago Bulls (96/97-24/25),1643.789006157599
1995-05-18,1994/95,Los Angeles Lakers (48/49-24/25),1644.2844495431696
1995-05-20,1994/95,Phoenix Suns (68/69-24/25),1693.243895743786
1995-05-21,1994/95,New York Knicks (46/47-24/25),1680.630378278023
1995-06-01,1994/95,San Antonio Spurs (76/77-24/25),1760.8502981663237
1995-06-04,1994/95,Indiana Pacers (76/77-24/25),1678.9920755030878
1995-06-14,1994/95,Houston Rockets (67/68-24/25),1774.024838714736
1995-06-14,1994/95,Orlando Magic (89/90-24/25),1631.2575193377886
1996-04-20,1995/96,Minnesota Timberwolves (89/90-24/25),1386.3725702730603
1996-04-20,1995/96,Brooklyn Nets (76/77-24/25),1370.507772866907
1996-04-21,1995/96,Boston Celtics (46/47-24/25),1496.474744941995
1996-04-21,1995/96,LA Clippers (70/71-24/25),1380.8574351037598
1996-04-21,1995/96,Memphis Grizzlies (95/96-24/25),1298.359073787033
1996-04-21,1995/96,Dallas Mavericks (80/81-24/25),1398.8982016557363
1996-04-21,1995/96,Golden State Warriors (46/47-24/25),1491.3862611611453
1996-04-21,1995/96,Milwaukee Bucks (68/69-24/25),1353.4344393464835
1996-04-21,1995/96,Denver Nuggets (76/77-24/25),1464.3192756229828
1996-04-21,1995/96,Toronto Raptors (95/96-24/25),1324.4179521538158
1996-04-21,1995/96,Philadelphia 76ers (49/50-24/25),1351.3465676477235
1996-04-21,1995/96,Charlotte Hornets (88/89-24/25),1554.1964029834533
1996-04-21,1995/96,Washington Wizards (61/62-24/25),1540.4508094204862
1996-04-30,1995/96,Detroit Pistons (48/49-24/25),1564.1442244898935
1996-05-01,1995/96,Cleveland Cavaliers (70/71-24/25),1561.7216963437545
1996-05-01,1995/96,Miami Heat (88/89-24/25),1553.4867081894586
1996-05-02,1995/96,Los Angeles Lakers (48/49-24/25),1645.9136462981496
1996-05-02,1995/96,Sacramento Kings (48/49-24/25),1525.0019429972176
1996-05-03,1995/96,Phoenix Suns (68/69-24/25),1555.540024147949
1996-05-05,1995/96,Portland Trail Blazers (70/71-24/25),1621.810598658922
1996-05-05,1995/96,Indiana Pacers (76/77-24/25),1648.2191472917066
1996-05-12,1995/96,Houston Rockets (67/68-24/25),1567.7024491094005
1996-05-14,1995/96,New York Knicks (46/47-24/25),1609.1831206316822
1996-05-15,1995/96,Atlanta Hawks (49/50-24/25),1604.3743754484617
1996-05-16,1995/96,San Antonio Spurs (76/77-24/25),1681.6154432620908
1996-05-27,1995/96,Orlando Magic (89/90-24/25),1717.9660820403851
1996-06-02,1995/96,Utah Jazz (74/75-24/25),1706.7854502015111
1996-06-16,1995/96,Chicago Bulls (96/97-24/25),1892.4472057708624
1996-06-16,1995/96,Oklahoma City Thunder (67/68-24/25),1789.896765741514
1997-04-19,1996/97,Golden State Warriors (46/47-24/25),1424.0308449404608
1997-04-19,1996/97,Dallas Mavericks (80/81-24/25),1319.2284540639305
1997-04-19,1996/97,Philadelphia 76ers (49/50-24/25),1344.1971680624215
1997-04-19,1996/97,Denver Nuggets (76/77-24/25),1301.0770971924771
1997-04-19,1996/97,Memphis Grizzlies (95/96-24/25),1245.0453175367445
1997-04-20,1996/97,Brooklyn Nets (76/77-24/25),1430.8686898353887
1997-04-20,1996/97,Indiana Pacers (76/77-24/25),1553.3134137340028
1997-04-20,1996/97,San Antonio Spurs (76/77-24/25),1345.5331653466978
1997-04-20,1996/97,Cleveland Cavaliers (70/71-24/25),1531.69476220273
1997-04-20,1996/97,Milwaukee Bucks (68/69-24/25),1428.8475119123675
1997-04-20,1996/97,Toronto Raptors (95/96-24/25),1457.7072961415988
1997-04-20,1996/97,Boston Celtics (46/47-24/25),1263.3179886089183
1997-04-20,1996/97,Sacramento Kings (48/49-24/25),1463.9081887300797
1997-04-28,1996/97,Charlotte Hornets (88/89-24/25),1640.4357652512622
1997-04-28,1996/97,LA Clippers (70/71-24/25),1465.4062083862118
1997-04-29,1996/97,Minnesota Timberwolves (89/90-24/25),1500.8822655271065
1997-04-30,1996/97,Washington Wizards (61/62-24/25),1607.849788970113
1997-05-02,1996/97,Portland Trail Blazers (70/71-24/25),1623.2249128431883
1997-05-03,1996/97,Phoenix Suns (68/69-24/25),1615.4565083060108
1997-05-04,1996/97,Orlando Magic (89/90-24/25),1602.5218269537522
1997-05-04,1996/97,Detroit Pistons (48/49-24/25),1606.633834684767
1997-05-12,1996/97,Los Angeles Lakers (48/49-24/25),1676.5399078081764
1997-05-13,1996/97,Atlanta Hawks (49/50-24/25),1672.5565008413998
1997-05-17,1996/97,Oklahoma City Thunder (67/68-24/25),1679.095909261988
1997-05-18,1996/97,New York Knicks (46/47-24/25),1715.825504664031
1997-05-28,1996/97,Miami Heat (88/89-24/25),1723.4657192497905
1997-05-29,1996/97,Houston Rockets (67/68-24/25),1710.7906637541987
1997-06-13,1996/97,Chicago Bulls (96/97-24/25),1889.7254658708523
1997-06-13,1996/97,Utah Jazz (74/75-24/25),1817.649706906874
1998-04-17,1997/98,Dallas Mavericks (80/81-24/25),1324.2943906898067
1998-04-18,1997/98,Boston Celtics (46/47-24/25),1492.54708573306
1998-04-18,1997/98,LA Clippers (70/71-24/25),1257.6008382828231
1998-04-18,1997/98,Washington Wizards (61/62-24/25),1583.5584770259509
1998-04-18,1997/98,Golden State Warriors (46/47-24/25),1335.2149724371789
1998-04-18,1997/98,Milwaukee Bucks (68/69-24/25),1459.618811582859
1998-04-19,1997/98,Denver Nuggets (76/77-24/25),1235.7141470650138
1998-04-19,1997/98,Memphis Grizzlies (95/96-24/25),1265.517339564915
1998-04-19,1997/98,Orlando Magic (89/90-24/25),1558.6137800343377
1998-04-19,1997/98,Toronto Raptors (95/96-24/25),1283.3696448185012
1998-04-19,1997/98,Detroit Pistons (48/49-24/25),1525.403071645506
1998-04-19,1997/98,Philadelphia 76ers (49/50-24/25),1478.0148130942844
1998-04-19,1997/98,Sacramento Kings (48/49-24/25),1296.4259184269831
1998-04-29,1997/98,Brooklyn Nets (76/77-24/25),1529.6826309718354
1998-04-29,1997/98,Phoenix Suns (68/69-24/25),1675.2425893353677
1998-04-30,1997/98,Portland Trail Blazers (70/71-24/25),1541.6078232647749
1998-04-30,1997/98,Cleveland Cavaliers (70/71-24/25),1623.1177524775617
1998-05-01,1997/98,Atlanta Hawks (49/50-24/25),1623.9755136376768
1998-05-02,1997/98,Minnesota Timberwolves (89/90-24/25),1614.8220217506916
1998-05-03,1997/98,Miami Heat (88/89-24/25),1612.0536259136763
1998-05-03,1997/98,Houston Rockets (67/68-24/25),1545.1510152873318
1998-05-12,1997/98,San Antonio Spurs (76/77-24/25),1703.4903451484304
1998-05-12,1997/98,Oklahoma City Thunder (67/68-24/25),1677.356120878199
1998-05-13,1997/98,New York Knicks (46/47-24/25),1559.700442236165
1998-05-13,1997/98,Charlotte Hornets (88/89-24/25),1658.15131739769
1998-05-24,1997/98,Los Angeles Lakers (48/49-24/25),1750.6250202236915
1998-05-31,1997/98,Indiana Pacers (76/77-24/25),1760.9023629378426
1998-06-14,1997/98,Chicago Bulls (96/97-24/25),1857.8424987241065
1998-06-14,1997/98,Utah Jazz (74/75-24/25),1827.2160170012803
1999-05-04,1998/99,Dallas Mavericks (80/81-24/25),1441.965559788969
1999-05-05,1998/99,Memphis Grizzlies (95/96-24/25),1193.5534527539808
1999-05-05,1998/99,Brooklyn Nets (76/77-24/25),1476.8472896069811
1999-05-05,1998/99,Boston Celtics (46/47-24/25),1479.392637288069
1999-05-05,1998/99,Golden State Warriors (46/47-24/25),1422.99744374116
1999-05-05,1998/99,Charlotte Hornets (88/89-24/25),1648.2093065295055
1999-05-05,1998/99,Chicago Bulls (96/97-24/25),1424.925266010454
1999-05-05,1998/99,Toronto Raptors (95/96-24/25),1486.8916174618537
1999-05-05,1998/99,Washington Wizards (61/62-24/25),1440.4370581545686
1999-05-05,1998/99,Cleveland Cavaliers (70/71-24/25),1489.5083852698567
1999-05-05,1998/99,LA Clippers (70/71-24/25),1261.0045991725851
1999-05-05,1998/99,Oklahoma City Thunder (67/68-24/25),1536.382502849004
1999-05-05,1998/99,Denver Nuggets (76/77-24/25),1298.2142817690667
1999-05-12,1998/99,Phoenix Suns (68/69-24/25),1565.2393757541165
1999-05-13,1998/99,Milwaukee Bucks (68/69-24/25),1552.6656305966
1999-05-15,1998/99,Orlando Magic (89/90-24/25),1604.90175532296
1999-05-15,1998/99,Houston Rockets (67/68-24/25),1557.531705253302
1999-05-15,1998/99,Minnesota Timberwolves (89/90-24/25),1490.504453066985
1999-05-16,1998/99,Detroit Pistons (48/49-24/25),1624.873035487538
1999-05-16,1998/99,Miami Heat (88/89-24/25),1630.8711562667404
1999-05-16,1998/99,Sacramento Kings (48/49-24/25),1572.3759438681768
1999-05-23,1998/99,Los Angeles Lakers (48/49-24/25),1620.7354224419205
1999-05-23,1998/99,Philadelphia 76ers (49/50-24/25),1595.977722205357
1999-05-24,1998/99,Atlanta Hawks (49/50-24/25),1607.1171786457217
1999-05-27,1998/99,Utah Jazz (74/75-24/25),1673.8522543594856
1999-06-06,1998/99,Portland Trail Blazers (70/71-24/25),1657.478418692364
1999-06-11,1998/99,Indiana Pacers (76/77-24/25),1723.6021320312284
1999-06-25,1998/99,San Antonio Spurs (76/77-24/25),1861.439149553099
1999-06-25,1998/99,New York Knicks (46/47-24/25),1717.3356536458907
2000-04-19,1999/00,Boston Celtics (46/47-24/25),1489.8768382914195
2000-04-19,1999/00,Cleveland Cavaliers (70/71-24/25),1437.5686350921674
2000-04-19,1999/00,Brooklyn Nets (76/77-24/25),1399.832447654212
2000-04-19,1999/00,Washington Wizards (61/62-24/25),1443.5082557179608
2000-04-19,1999/00,Dallas Mavericks (80/81-24/25),1632.5895875954936
2000-04-19,1999/00,Golden State Warriors (46/47-24/25),1306.7479165104137
2000-04-19,1999/00,Denver Nuggets (76/77-24/25),1461.9190158336778
2000-04-19,1999/00,LA Clippers (70/71-24/25),1227.964592362939
2000-04-19,1999/00,Chicago Bulls (96/97-24/25),1298.1475118802862
2000-04-19,1999/00,Memphis Grizzlies (95/96-24/25),1343.2136184869946
2000-04-19,1999/00,Houston Rockets (67/68-24/25),1516.971017044571
2000-04-19,1999/00,Atlanta Hawks (49/50-24/25),1376.6896308333542
2000-04-19,1999/00,Orlando Magic (89/90-24/25),1559.33663106411
2000-04-29,1999/00,Detroit Pistons (48/49-24/25),1529.3489125262145
2000-04-30,1999/00,Toronto Raptors (95/96-24/25),1511.4970485340398
2000-05-01,1999/00,Charlotte Hornets (88/89-24/25),1639.2057663610854
2000-05-02,1999/00,Minnesota Timberwolves (89/90-24/25),1616.9704180724411
2000-05-02,1999/00,San Antonio Spurs (76/77-24/25),1651.478876079079
2000-05-04,1999/00,Milwaukee Bucks (68/69-24/25),1580.2885951684618
2000-05-05,1999/00,Oklahoma City Thunder (67/68-24/25),1531.581514189525
2000-05-05,1999/00,Sacramento Kings (48/49-24/25),1560.6456981855629
2000-05-16,1999/00,Utah Jazz (74/75-24/25),1616.7168713565427
2000-05-16,1999/00,Phoenix Suns (68/69-24/25),1672.2199217916605
2000-05-19,1999/00,Philadelphia 76ers (49/50-24/25),1675.9748862507709
2000-05-21,1999/00,Miami Heat (88/89-24/25),1659.3980632056946
2000-06-02,1999/00,New York Knicks (46/47-24/25),1668.2262660943031
2000-06-04,1999/00,Portland Trail Blazers (70/71-24/25),1720.5062822611235
2000-06-19,1999/00,Los Angeles Lakers (48/49-24/25),1801.3111883495362
2000-06-19,1999/00,Indiana Pacers (76/77-24/25),1727.0943807939004
2001-04-17,2000/01,Atlanta Hawks (49/50-24/25),1363.5398695570705
2001-04-17,2000/01,Brooklyn Nets (76/77-24/25),1358.2372053562826
2001-04-17,2000/01,LA Clippers (70/71-24/25),1517.7877246270932
2001-04-17,2000/01,Houston Rockets (67/68-24/25),1608.219662233107
2001-04-18,2000/01,Memphis Grizzlies (95/96-24/25),1352.2307513256912
2001-04-18,2000/01,Detroit Pistons (48/49-24/25),1451.612496532655
2001-04-18,2000/01,Chicago Bulls (96/97-24/25),1292.702246204893
2001-04-18,2000/01,Boston Celtics (46/47-24/25),1492.1986039728097
2001-04-18,2000/01,Golden State Warriors (46/47-24/25),1217.096817949194
2001-04-18,2000/01,Denver Nuggets (76/77-24/25),1517.605173379961
2001-04-18,2000/01,Washington Wizards (61/62-24/25),1301.3868571872667
2001-04-18,2000/01,Oklahoma City Thunder (67/68-24/25),1622.1254569593652
2001-04-18,2000/01,Cleveland Cavaliers (70/71-24/25),1396.6535822247251
2001-04-27,2000/01,Miami Heat (88/89-24/25),1596.408309041704
2001-04-29,2000/01,Portland Trail Blazers (70/71-24/25),1544.612405497007
2001-04-30,2000/01,Minnesota Timberwolves (89/90-24/25),1597.9246780760257
2001-05-01,2000/01,Orlando Magic (89/90-24/25),1537.400750560506
2001-05-02,2000/01,Indiana Pacers (76/77-24/25),1554.40106686642
2001-05-02,2000/01,Phoenix Suns (68/69-24/25),1660.0803364879132
2001-05-03,2000/01,Utah Jazz (74/75-24/25),1619.3960511488622
2001-05-04,2000/01,New York Knicks (46/47-24/25),1552.773555107031
2001-05-13,2000/01,Sacramento Kings (48/49-24/25),1663.8756116115296
2001-05-14,2000/01,Dallas Mavericks (80/81-24/25),1683.078400469909
2001-05-20,2000/01,Charlotte Hornets (88/89-24/25),1623.3131325262664
2001-05-20,2000/01,Toronto Raptors (95/96-24/25),1613.8419865205933
2001-05-27,2000/01,San Antonio Spurs (76/77-24/25),1730.3646236044474
2001-06-03,2000/01,Milwaukee Bucks (68/69-24/25),1656.0223425258437
2001-06-15,2000/01,Los Angeles Lakers (48/49-24/25),1871.3421182534964
2001-06-15,2000/01,Philadelphia 76ers (49/50-24/25),1660.5985717798717
2002-04-16,2001/02,Washington Wizards (61/62-24/25),1462.1880989029992
2002-04-17,2001/02,Houston Rockets (67/68-24/25),1401.095404751253
2002-04-17,2001/02,Golden State Warriors (46/47-24/25),1311.7667010968153
2002-04-17,2001/02,LA Clippers (70/71-24/25),1481.8417598785736
2002-04-17,2001/02,New York Knicks (46/47-24/25),1423.0152393162266
2002-04-17,2001/02,Phoenix Suns (68/69-24/25),1469.2884638245796
2002-04-17,2001/02,Denver Nuggets (76/77-24/25),1428.4537492071734
2002-04-17,2001/02,Atlanta Hawks (49/50-24/25),1486.2713553172955
2002-04-17,2001/02,Memphis Grizzlies (95/96-24/25),1394.221724382896
2002-04-17,2001/02,Milwaukee Bucks (68/69-24/25),1454.516453678396
2002-04-17,2001/02,Cleveland Cavaliers (70/71-24/25),1411.3971221221043
2002-04-17,2001/02,Miami Heat (88/89-24/25),1513.6707469334633
2002-04-17,2001/02,Chicago Bulls (96/97-24/25),1379.1064122664156
2002-04-28,2001/02,Minnesota Timberwolves (89/90-24/25),1547.061174308208
2002-04-28,2001/02,Portland Trail Blazers (70/71-24/25),1610.8961956416224
2002-04-29,2001/02,Utah Jazz (74/75-24/25),1561.5262824425924
2002-04-30,2001/02,Orlando Magic (89/90-24/25),1523.4815636582398
2002-05-02,2001/02,Toronto Raptors (95/96-24/25),1569.2333275617254
2002-05-02,2001/02,Indiana Pacers (76/77-24/25),1550.9925675946329
2002-05-03,2001/02,Philadelphia 76ers (49/50-24/25),1559.0930055384226
2002-05-03,2001/02,Oklahoma City Thunder (67/68-24/25),1597.7228253657238
2002-05-13,2001/02,Dallas Mavericks (80/81-24/25),1694.4630047372111
2002-05-14,2001/02,Detroit Pistons (48/49-24/25),1596.4939154326594
2002-05-14,2001/02,San Antonio Spurs (76/77-24/25),1707.6797635797363
2002-05-15,2001/02,Charlotte Hornets (88/89-24/25),1579.7646074243514
2002-05-31,2001/02,Boston Celtics (46/47-24/25),1651.5174964713224
2002-06-02,2001/02,Sacramento Kings (48/49-24/25),1773.281353098066
2002-06-12,2001/02,Los Angeles Lakers (48/49-24/25),1856.3038933335872
2002-06-12,2001/02,Brooklyn Nets (76/77-24/25),1660.4861797212482
2003-04-15,2002/03,New York Knicks (46/47-24/25),1497.4544230561346
2003-04-15,2002/03,Chicago Bulls (96/97-24/25),1467.856772312646
2003-04-15,2002/03,Miami Heat (88/89-24/25),1354.8331482185138
2003-04-16,2002/03,Memphis Grizzlies (95/96-24/25),1427.2957699250594
2003-04-16,2002/03,Houston Rockets (67/68-24/25),1560.9281432226528
2003-04-16,2002/03,Denver Nuggets (76/77-24/25),1291.3148722670328
2003-04-16,2002/03,Washington Wizards (61/62-24/25),1438.073310495197
2003-04-16,2002/03,Oklahoma City Thunder (67/68-24/25),1588.3468036183683
2003-04-16,2002/03,Atlanta Hawks (49/50-24/25),1513.1223674899422
2003-04-16,2002/03,Golden State Warriors (46/47-24/25),1496.837673463816
2003-04-16,2002/03,LA Clippers (70/71-24/25),1422.8851706695748
2003-04-16,2002/03,Cleveland Cavaliers (70/71-24/25),1319.648508373299
2003-04-16,2002/03,Toronto Raptors (95/96-24/25),1325.760849695709
2003-04-30,2002/03,Utah Jazz (74/75-24/25),1587.8893737546662
2003-05-01,2002/03,Milwaukee Bucks (68/69-24/25),1521.6597099572489
2003-05-01,2002/03,Phoenix Suns (68/69-24/25),1598.4192575026725
2003-05-01,2002/03,Minnesota Timberwolves (89/90-24/25),1645.2332318780989
2003-05-01,2002/03,Indiana Pacers (76/77-24/25),1505.9853542066896
2003-05-02,2002/03,New Orleans Pelicans (02/03-24/25),1579.630966405882
2003-05-04,2002/03,Portland Trail Blazers (70/71-24/25),1625.11888477537
2003-05-04,2002/03,Orlando Magic (89/90-24/25),1517.4052334993823
2003-05-12,2002/03,Boston Celtics (46/47-24/25),1492.0463767412928
2003-05-15,2002/03,Los Angeles Lakers (48/49-24/25),1733.6614003059935
2003-05-16,2002/03,Philadelphia 76ers (49/50-24/25),1579.6912356101984
2003-05-17,2002/03,Sacramento Kings (48/49-24/25),1739.748672549326
2003-05-24,2002/03,Detroit Pistons (48/49-24/25),1554.5388331593892
2003-05-29,2002/03,Dallas Mavericks (80/81-24/25),1710.9189859126222
2003-06-15,2002/03,San Antonio Spurs (76/77-24/25),1809.765139781441
2003-06-15,2002/03,Brooklyn Nets (76/77-24/25),1670.995311314973
2004-04-14,2003/04,Philadelphia 76ers (49/50-24/25),1424.3417529451528
2004-04-14,2003/04,Orlando Magic (89/90-24/25),1335.3834793813487
2004-04-14,2003/04,Portland Trail Blazers (70/71-24/25),1572.2922751620608
2004-04-14,2003/04,Toronto Raptors (95/96-24/25),1407.8363957171116
2004-04-14,2003/04,Atlanta Hawks (49/50-24/25),1428.4408914290484
2004-04-14,2003/04,Oklahoma City Thunder (67/68-24/25),1506.7057308647948
2004-04-14,2003/04,Washington Wizards (61/62-24/25),1356.6628357724144
2004-04-14,2003/04,Utah Jazz (74/75-24/25),1559.7628611243365
2004-04-14,2003/04,Phoenix Suns (68/69-24/25),1485.9212905023494
2004-04-14,2003/04,Chicago Bulls (96/97-24/25),1333.959081270135
2004-04-14,2003/04,Golden State Warriors (46/47-24/25),1556.0466002250996
2004-04-14,2003/04,Cleveland Cavaliers (70/71-24/25),1508.923326752602
2004-04-14,2003/04,LA Clippers (70/71-24/25),1344.8692362490633
2004-04-25,2003/04,New York Knicks (46/47-24/25),1471.9119784097877
2004-04-25,2003/04,Memphis Grizzlies (95/96-24/25),1591.0079359550257
2004-04-25,2003/04,Boston Celtics (46/47-24/25),1443.0791198198358
2004-04-28,2003/04,Houston Rockets (67/68-24/25),1545.3357093885838
2004-04-29,2003/04,Milwaukee Bucks (68/69-24/25),1472.9430162559
2004-04-29,2003/04,Dallas Mavericks (80/81-24/25),1611.9396433117768
2004-04-30,2003/04,Denver Nuggets (76/77-24/25),1557.2905328942222
2004-05-04,2003/04,New Orleans Pelicans (02/03-24/25),1504.083608572143
2004-05-15,2003/04,San Antonio Spurs (76/77-24/25),1764.5398319180326
2004-05-18,2003/04,Miami Heat (88/89-24/25),1599.6805181158074
2004-05-19,2003/04,Sacramento Kings (48/49-24/25),1667.000625631536
2004-05-20,2003/04,Brooklyn Nets (76/77-24/25),1597.152279249591
2004-05-31,2003/04,Minnesota Timberwolves (89/90-24/25),1728.0399894003035
2004-06-01,2003/04,Indiana Pacers (76/77-24/25),1687.4057112481876
2004-06-15,2003/04,Detroit Pistons (48/49-24/25),1772.4903331302244
2004-06-15,2003/04,Los Angeles Lakers (48/49-24/25),1742.0191894667169
2005-04-19,2004/05,Milwaukee Bucks (68/69-24/25),1376.3880830386988
2005-04-20,2004/05,Atlanta Hawks (49/50-24/25),1222.3208651027091
2005-04-20,2004/05,Utah Jazz (74/75-24/25),1396.518363057034
2005-04-20,2004/05,New York Knicks (46/47-24/25),1438.9455340194595
2005-04-20,2004/05,Golden State Warriors (46/47-24/25),1597.4507911682604
2005-04-20,2004/05,Charlotte Hornets (88/89-24/25),1323.7485463240914
2005-04-20,2004/05,Los Angeles Lakers (48/49-24/25),1392.940468431742
2005-04-20,2004/05,Cleveland Cavaliers (70/71-24/25),1505.083549825796
2005-04-20,2004/05,Toronto Raptors (95/96-24/25),1432.0323215692613
2005-04-20,2004/05,Minnesota Timberwolves (89/90-24/25),1610.8185548822505
2005-04-20,2004/05,LA Clippers (70/71-24/25),1493.3810247528256
2005-04-20,2004/05,Portland Trail Blazers (70/71-24/25),1378.2663787020042
2005-04-20,2004/05,Orlando Magic (89/90-24/25),1400.197988167579
2005-04-20,2004/05,New Orleans Pelicans (02/03-24/25),1343.0559761003385
2005-05-01,2004/05,Memphis Grizzlies (95/96-24/25),1547.8951774818672
2005-05-01,2004/05,Brooklyn Nets (76/77-24/25),1592.6819718435745
2005-05-03,2004/05,Sacramento Kings (48/49-24/25),1564.18824335801
2005-05-03,2004/05,Philadelphia 76ers (49/50-24/25),1572.4752396475255
2005-05-04,2004/05,Denver Nuggets (76/77-24/25),1657.497452727499
2005-05-06,2004/05,Chicago Bulls (96/97-24/25),1557.0739861206732
2005-05-07,2004/05,Houston Rockets (67/68-24/25),1705.472185635253
2005-05-07,2004/05,Boston Celtics (46/47-24/25),1573.6446025018174
2005-05-14,2004/05,Washington Wizards (61/62-24/25),1539.315311866908
2005-05-19,2004/05,Oklahoma City Thunder (67/68-24/25),1612.9061600178304
2005-05-19,2004/05,Indiana Pacers (76/77-24/25),1600.7394337371252
2005-05-20,2004/05,Dallas Mavericks (80/81-24/25),1727.7385029018797
2005-06-01,2004/05,Phoenix Suns (68/69-24/25),1741.480626843942
2005-06-06,2004/05,Miami Heat (88/89-24/25),1731.8550845585469
2005-06-23,2004/05,San Antonio Spurs (76/77-24/25),1776.7109645037265
2005-06-23,2004/05,Detroit Pistons (48/49-24/25),1744.0069986993155
2006-04-19,2005/06,Charlotte Hornets (88/89-24/25),1448.2549827655607
2006-04-19,2005/06,Atlanta Hawks (49/50-24/25),1389.142073730281
2006-04-19,2005/06,Houston Rockets (67/68-24/25),1482.6293951347798
2006-04-19,2005/06,Portland Trail Blazers (70/71-24/25),1283.8292453190218
2006-04-19,2005/06,New York Knicks (46/47-24/25),1363.4471583747502
2006-04-19,2005/06,Orlando Magic (89/90-24/25),1551.937498016148
2006-04-19,2005/06,Minnesota Timberwolves (89/90-24/25),1418.1651086810894
2006-04-19,2005/06,Boston Celtics (46/47-24/25),1450.2618059509664
2006-04-19,2005/06,Toronto Raptors (95/96-24/25),1375.8310966937338
2006-04-19,2005/06,Philadelphia 76ers (49/50-24/25),1483.01022332833
2006-04-19,2005/06,Oklahoma City Thunder (67/68-24/25),1544.1930245831736
2006-04-19,2005/06,Golden State Warriors (46/47-24/25),1451.8787346256229
2006-04-19,2005/06,New Orleans Pelicans (02/03-24/25),1475.7319939350523
2006-04-19,2005/06,Utah Jazz (74/75-24/25),1571.8021824967427
2006-05-01,2005/06,Denver Nuggets (76/77-24/25),1513.7204282439473
2006-05-01,2005/06,Memphis Grizzlies (95/96-24/25),1592.015765091168
2006-05-03,2005/06,Milwaukee Bucks (68/69-24/25),1483.7178263302494
2006-05-04,2005/06,Chicago Bulls (96/97-24/25),1579.966407029783
2006-05-04,2005/06,Indiana Pacers (76/77-24/25),1496.7805488366323
2006-05-05,2005/06,Sacramento Kings (48/49-24/25),1650.0565577868315
2006-05-05,2005/06,Washington Wizards (61/62-24/25),1546.501191123869
2006-05-06,2005/06,Los Angeles Lakers (48/49-24/25),1612.024762966179
2006-05-16,2005/06,Brooklyn Nets (76/77-24/25),1582.1158230795086
2006-05-21,2005/06,Cleveland Cavaliers (70/71-24/25),1652.436741573956
2006-05-22,2005/06,LA Clippers (70/71-24/25),1619.8786172031496
2006-05-22,2005/06,San Antonio Spurs (76/77-24/25),1742.4848255615475
2006-06-02,2005/06,Detroit Pistons (48/49-24/25),1671.476201157263
2006-06-03,2005/06,Phoenix Suns (68/69-24/25),1653.6774391715956
2006-06-20,2005/06,Miami Heat (88/89-24/25),1753.7073283203397
2006-06-20,2005/06,Dallas Mavericks (80/81-24/25),1716.155400476273
2007-04-17,2006/07,Atlanta Hawks (49/50-24/25),1401.601822735161
2007-04-18,2006/07,Portland Trail Blazers (70/71-24/25),1436.5641097975854
2007-04-18,2006/07,Minnesota Timberwolves (89/90-24/25),1388.1867200605298
2007-04-18,2006/07,Sacramento Kings (48/49-24/25),1439.6195074554398
2007-04-18,2006/07,Memphis Grizzlies (95/96-24/25),1410.6300339515178
2007-04-18,2006/07,Philadelphia 76ers (49/50-24/25),1566.4006129104223
2007-04-18,2006/07,Charlotte Hornets (88/89-24/25),1492.07564323678
2007-04-18,2006/07,Boston Celtics (46/47-24/25),1373.5938393255965
2007-04-18,2006/07,Oklahoma City Thunder (67/68-24/25),1432.5214799480823
2007-04-18,2006/07,New York Knicks (46/47-24/25),1424.8699091199087
2007-04-18,2006/07,New Orleans Pelicans (02/03-24/25),1564.4353704557493
2007-04-18,2006/07,LA Clippers (70/71-24/25),1549.720557142962
2007-04-18,2006/07,Milwaukee Bucks (68/69-24/25),1363.8148145737018
2007-04-18,2006/07,Indiana Pacers (76/77-24/25),1404.4884534357586
2007-04-28,2006/07,Orlando Magic (89/90-24/25),1496.7161864342634
2007-04-29,2006/07,Miami Heat (88/89-24/25),1526.5451526141624
2007-04-30,2006/07,Washington Wizards (61/62-24/25),1418.1317819923097
2007-05-02,2006/07,Denver Nuggets (76/77-24/25),1608.879352687554
2007-05-02,2006/07,Los Angeles Lakers (48/49-24/25),1487.4606283840317
2007-05-03,2006/07,Dallas Mavericks (80/81-24/25),1735.0007489113457
2007-05-04,2006/07,Toronto Raptors (95/96-24/25),1596.8837574890688
2007-05-05,2006/07,Houston Rockets (67/68-24/25),1611.0124490842811
2007-05-15,2006/07,Golden State Warriors (46/47-24/25),1635.0644006776056
2007-05-17,2006/07,Chicago Bulls (96/97-24/25),1667.264367431909
2007-05-18,2006/07,Phoenix Suns (68/69-24/25),1684.2621408248165
2007-05-18,2006/07,Brooklyn Nets (76/77-24/25),1606.9089017872864
2007-05-30,2006/07,Utah Jazz (74/75-24/25),1649.3110722332276
2007-06-02,2006/07,Detroit Pistons (48/49-24/25),1678.6292640221434
2007-06-14,2006/07,San Antonio Spurs (76/77-24/25),1828.1234279221887
2007-06-14,2006/07,Cleveland Cavaliers (70/71-24/25),1678.1138809421557
2008-04-15,2007/08,Sacramento Kings (48/49-24/25),1543.1183156346665
2008-04-16,2007/08,Miami Heat (88/89-24/25),1264.0443662762482
2008-04-16,2007/08,Golden State Warriors (46/47-24/25),1574.6321613823134
2008-04-16,2007/08,Oklahoma City Thunder (67/68-24/25),1360.20047528555
2008-04-16,2007/08,New York Knicks (46/47-24/25),1335.8103518870012
2008-04-16,2007/08,Indiana Pacers (76/77-24/25),1514.5519552493392
2008-04-16,2007/08,Minnesota Timberwolves (89/90-24/25),1416.4557544203549
2008-04-16,2007/08,Portland Trail Blazers (70/71-24/25),1507.015469345092
2008-04-16,2007/08,Chicago Bulls (96/97-24/25),1479.78839898901
2008-04-16,2007/08,Milwaukee Bucks (68/69-24/25),1306.841284879058
2008-04-16,2007/08,Brooklyn Nets (76/77-24/25),1460.7361915464037
2008-04-16,2007/08,LA Clippers (70/71-24/25),1323.5324202510124
2008-04-16,2007/08,Memphis Grizzlies (95/96-24/25),1351.3472183046358
2008-04-16,2007/08,Charlotte Hornets (88/89-24/25),1477.2777490474325
2008-04-28,2007/08,Denver Nuggets (76/77-24/25),1604.161211484138
2008-04-28,2007/08,Toronto Raptors (95/96-24/25),1455.6446656979856
2008-04-29,2007/08,Dallas Mavericks (80/81-24/25),1586.0826802049764
2008-04-29,2007/08,Phoenix Suns (68/69-24/25),1664.50166893985
2008-05-01,2007/08,Philadelphia 76ers (49/50-24/25),1554.2642217790358
2008-05-02,2007/08,Houston Rockets (67/68-24/25),1685.9333732939222
2008-05-02,2007/08,Washington Wizards (61/62-24/25),1552.9719881652718
2008-05-04,2007/08,Atlanta Hawks (49/50-24/25),1539.3083919328355
2008-05-13,2007/08,Orlando Magic (89/90-24/25),1607.8311154230764
2008-05-16,2007/08,Utah Jazz (74/75-24/25),1714.2658661410785
2008-05-18,2007/08,Cleveland Cavaliers (70/71-24/25),1607.1197504924316
2008-05-19,2007/08,New Orleans Pelicans (02/03-24/25),1701.364542814198
2008-05-29,2007/08,San Antonio Spurs (76/77-24/25),1726.8682811401377
2008-05-30,2007/08,Detroit Pistons (48/49-24/25),1690.9212680263631
2008-06-17,2007/08,Boston Celtics (46/47-24/25),1773.9034133052671
2008-06-17,2007/08,Los Angeles Lakers (48/49-24/25),1776.3358362488596
2009-04-15,2008/09,Phoenix Suns (68/69-24/25),1591.5599594817977
2009-04-15,2008/09,Golden State Warriors (46/47-24/25),1444.8371234770163
2009-04-15,2008/09,Memphis Grizzlies (95/96-24/25),1416.7653421102475
2009-04-15,2008/09,Charlotte Hornets (88/89-24/25),1462.3676977141995
2009-04-15,2008/09,Sacramento Kings (48/49-24/25),1281.3868314549477
2009-04-15,2008/09,Minnesota Timberwolves (89/90-24/25),1366.5703493524748
2009-04-15,2008/09,Milwaukee Bucks (68/69-24/25),1430.5595289625965
2009-04-15,2008/09,Indiana Pacers (76/77-24/25),1546.6067503518443
2009-04-15,2008/09,New York Knicks (46/47-24/25),1430.2293179446256
2009-04-15,2008/09,Brooklyn Nets (76/77-24/25),1457.7168367085558
2009-04-15,2008/09,Toronto Raptors (95/96-24/25),1487.703039006621
2009-04-15,2008/09,Washington Wizards (61/62-24/25),1334.778637210916
2009-04-15,2008/09,Oklahoma City Thunder (67/68-24/25),1409.1349885619236
2009-04-15,2008/09,LA Clippers (70/71-24/25),1292.5635124133555
2009-04-26,2008/09,Detroit Pistons (48/49-24/25),1454.8442429276452
2009-04-27,2008/09,Utah Jazz (74/75-24/25),1573.8525084854298
2009-04-28,2008/09,San Antonio Spurs (76/77-24/25),1618.1086870319348
2009-04-29,2008/09,New Orleans Pelicans (02/03-24/25),1545.2312414824569
2009-04-30,2008/09,Portland Trail Blazers (70/71-24/25),1684.0320736774029
2009-04-30,2008/09,Philadelphia 76ers (49/50-24/25),1522.73749832043
2009-05-02,2008/09,Chicago Bulls (96/97-24/25),1604.9188666933296
2009-05-03,2008/09,Miami Heat (88/89-24/25),1541.0959926543571
2009-05-11,2008/09,Atlanta Hawks (49/50-24/25),1571.2133705974531
2009-05-13,2008/09,Dallas Mavericks (80/81-24/25),1656.6675851146767
2009-05-17,2008/09,Houston Rockets (67/68-24/25),1719.0890143537313
2009-05-17,2008/09,Boston Celtics (46/47-24/25),1686.4456111495656
2009-05-29,2008/09,Denver Nuggets (76/77-24/25),1709.7447136625071
2009-05-30,2008/09,Cleveland Cavaliers (70/71-24/25),1772.3186504103833
2009-06-14,2008/09,Los Angeles Lakers (48/49-24/25),1826.900934041652
2009-06-14,2008/09,Orlando Magic (89/90-24/25),1716.8494822334687
2010-04-13,2009/10,Sacramento Kings (48/49-24/25),1326.38243483613
2010-04-14,2009/10,Detroit Pistons (48/49-24/25),1376.0643277839274
2010-04-14,2009/10,New Orleans Pelicans (02/03-24/25),1460.9451665438114
2010-04-14,2009/10,Houston Rockets (67/68-24/25),1538.2315480427983
2010-04-14,2009/10,Toronto Raptors (95/96-24/25),1482.5015976694708
2010-04-14,2009/10,New York Knicks (46/47-24/25),1415.5451076023696
2010-04-14,2009/10,LA Clippers (70/71-24/25),1375.0359726157014
2010-04-14,2009/10,Minnesota Timberwolves (89/90-24/25),1249.7659629726568
2010-04-14,2009/10,Golden State Warriors (46/47-24/25),1452.1187824252906
2010-04-14,2009/10,Washington Wizards (61/62-24/25),1386.3435233767957
2010-04-14,2009/10,Indiana Pacers (76/77-24/25),1529.010297098691
2010-04-14,2009/10,Memphis Grizzlies (95/96-24/25),1489.783228315469
2010-04-14,2009/10,Philadelphia 76ers (49/50-24/25),1389.813078095949
2010-04-14,2009/10,Brooklyn Nets (76/77-24/25),1300.6341234320976
2010-04-26,2009/10,Charlotte Hornets (88/89-24/25),1549.0933353622447
2010-04-27,2009/10,Chicago Bulls (96/97-24/25),1553.0089629398544
2010-04-27,2009/10,Miami Heat (88/89-24/25),1584.5680823942453
2010-04-29,2009/10,Portland Trail Blazers (70/71-24/25),1637.230975207928
2010-04-29,2009/10,Dallas Mavericks (80/81-24/25),1656.013837609215
2010-04-30,2009/10,Denver Nuggets (76/77-24/25),1628.4888896204088
2010-04-30,2009/10,Oklahoma City Thunder (67/68-24/25),1607.3988453168445
2010-05-02,2009/10,Milwaukee Bucks (68/69-24/25),1620.80183221289
2010-05-09,2009/10,San Antonio Spurs (76/77-24/25),1644.135459099217
2010-05-10,2009/10,Atlanta Hawks (49/50-24/25),1620.2390413779035
2010-05-10,2009/10,Utah Jazz (74/75-24/25),1625.0477386877942
2010-05-13,2009/10,Cleveland Cavaliers (70/71-24/25),1659.823139350992
2010-05-28,2009/10,Orlando Magic (89/90-24/25),1771.6574311151808
2010-05-29,2009/10,Phoenix Suns (68/69-24/25),1745.3295560733602
2010-06-17,2009/10,Los Angeles Lakers (48/49-24/25),1764.3763555297442
2010-06-17,2009/10,Boston Celtics (46/47-24/25),1717.4417548785636
2011-04-13,2010/11,Toronto Raptors (95/96-24/25),1318.920667625708
2011-04-13,2010/11,Houston Rockets (67/68-24/25),1603.806034761608
2011-04-13,2010/11,Utah Jazz (74/75-24/25),1463.2030640317555
2011-04-13,2010/11,Minnesota Timberwolves (89/90-24/25),1258.171471987125
2011-04-13,2010/11,Golden State Warriors (46/47-24/25),1520.990994423969
2011-04-13,2010/11,LA Clippers (70/71-24/25),1494.5368958067256
2011-04-13,2010/11,Cleveland Cavaliers (70/71-24/25),1368.557236117983
2011-04-13,2010/11,Milwaukee Bucks (68/69-24/25),1518.878690369298
2011-04-13,2010/11,Sacramento Kings (48/49-24/25),1456.522252898738
2011-04-13,2010/11,Washington Wizards (61/62-24/25),1380.0126982610402
2011-04-13,2010/11,Charlotte Hornets (88/89-24/25),1461.370716810864
2011-04-13,2010/11,Phoenix Suns (68/69-24/25),1525.8756423587672
2011-04-13,2010/11,Detroit Pistons (48/49-24/25),1430.42480306905
2011-04-13,2010/11,Brooklyn Nets (76/77-24/25),1323.1973052370467
2011-04-24,2010/11,New York Knicks (46/47-24/25),1487.3631718179668
2011-04-26,2010/11,Indiana Pacers (76/77-24/25),1510.3092525584548
2011-04-27,2010/11,Philadelphia 76ers (49/50-24/25),1518.2690785900566
2011-04-27,2010/11,Denver Nuggets (76/77-24/25),1622.7083195142131
2011-04-28,2010/11,New Orleans Pelicans (02/03-24/25),1563.3519632161006
2011-04-28,2010/11,Orlando Magic (89/90-24/25),1587.2525321128276
2011-04-28,2010/11,Portland Trail Blazers (70/71-24/25),1641.7665267075454
2011-04-29,2010/11,San Antonio Spurs (76/77-24/25),1618.4163104229444
2011-05-08,2010/11,Los Angeles Lakers (48/49-24/25),1646.042428661242
2011-05-11,2010/11,Boston Celtics (46/47-24/25),1620.178423512706
2011-05-12,2010/11,Atlanta Hawks (49/50-24/25),1568.4038172251192
2011-05-15,2010/11,Memphis Grizzlies (95/96-24/25),1661.2496234604678
2011-05-25,2010/11,Oklahoma City Thunder (67/68-24/25),1690.4096314224369
2011-05-26,2010/11,Chicago Bulls (96/97-24/25),1711.1340777434327
2011-06-12,2010/11,Dallas Mavericks (80/81-24/25),1826.846864859724
2011-06-12,2010/11,Miami Heat (88/89-24/25),1758.6598920026306
2012-04-25,2011/12,Phoenix Suns (68/69-24/25),1587.13211758933
2012-04-26,2011/12,Washington Wizards (61/62-24/25),1440.079226035978
2012-04-26,2011/12,Portland Trail Blazers (70/71-24/25),1447.7018417257386
2012-04-26,2011/12,Brooklyn Nets (76/77-24/25),1369.7356464256954
2012-04-26,2011/12,Sacramento Kings (48/49-24/25),1430.8657940926648
2012-04-26,2011/12,Cleveland Cavaliers (70/71-24/25),1339.7856786795398
2012-04-26,2011/12,Toronto Raptors (95/96-24/25),1416.952589356829
2012-04-26,2011/12,Detroit Pistons (48/49-24/25),1450.6394747014058
2012-04-26,2011/12,New Orleans Pelicans (02/03-24/25),1479.2765257031776
2012-04-26,2011/12,Houston Rockets (67/68-24/25),1531.864295779136
2012-04-26,2011/12,Golden State Warriors (46/47-24/25),1384.126739016136
2012-04-26,2011/12,Milwaukee Bucks (68/69-24/25),1499.393274757001
2012-04-26,2011/12,Minnesota Timberwolves (89/90-24/25),1375.7780331437616
2012-04-26,2011/12,Charlotte Hornets (88/89-24/25),1162.3851796853992
2012-05-05,2011/12,Dallas Mavericks (80/81-24/25),1542.2344732447325
2012-05-07,2011/12,Utah Jazz (74/75-24/25),1594.1357107658375
2012-05-08,2011/12,Orlando Magic (89/90-24/25),1494.619405129488
2012-05-09,2011/12,New York Knicks (46/47-24/25),1592.8744366661483
2012-05-10,2011/12,Chicago Bulls (96/97-24/25),1646.9885296038317
2012-05-10,2011/12,Atlanta Hawks (49/50-24/25),1601.9676458182228
2012-05-12,2011/12,Denver Nuggets (76/77-24/25),1636.538949738759
2012-05-13,2011/12,Memphis Grizzlies (95/96-24/25),1661.4097312057604
2012-05-20,2011/12,LA Clippers (70/71-24/25),1620.7978492112438
2012-05-21,2011/12,Los Angeles Lakers (48/49-24/25),1632.4890552872198
2012-05-24,2011/12,Indiana Pacers (76/77-24/25),1633.631236043865
2012-05-26,2011/12,Philadelphia 76ers (49/50-24/25),1593.6739666058224
2012-06-06,2011/12,San Antonio Spurs (76/77-24/25),1800.6787478972224
2012-06-09,2011/12,Boston Celtics (46/47-24/25),1665.7676896489045
2012-06-21,2011/12,Miami Heat (88/89-24/25),1778.7789834404184
2012-06-21,2011/12,Oklahoma City Thunder (67/68-24/25),1744.5275605882764
2013-04-17,2012/13,Cleveland Cavaliers (70/71-24/25),1344.4162924912875
2013-04-17,2012/13,Philadelphia 76ers (49/50-24/25),1476.4482423606491
2013-04-17,2012/13,Washington Wizards (61/62-24/25),1452.0139953418309
2013-04-17,2012/13,New Orleans Pelicans (02/03-24/25),1411.683290490442
2013-04-17,2012/13,Phoenix Suns (68/69-24/25),1382.5257909613151
2013-04-17,2012/13,Dallas Mavericks (80/81-24/25),1607.8756920845126
2013-04-17,2012/13,Charlotte Hornets (88/89-24/25),1350.326988008795
2013-04-17,2012/13,Portland Trail Blazers (70/71-24/25),1394.3433397535184
2013-04-17,2012/13,Sacramento Kings (48/49-24/25),1422.2078591531651
2013-04-17,2012/13,Utah Jazz (74/75-24/25),1577.5510131425276
2013-04-17,2012/13,Minnesota Timberwolves (89/90-24/25),1455.3378517202298
2013-04-17,2012/13,Orlando Magic (89/90-24/25),1278.410086464149
2013-04-17,2012/13,Toronto Raptors (95/96-24/25),1523.9347797459604
2013-04-17,2012/13,Detroit Pistons (48/49-24/25),1414.682363156605
2013-04-28,2012/13,Los Angeles Lakers (48/49-24/25),1601.6393040507533
2013-04-28,2012/13,Milwaukee Bucks (68/69-24/25),1435.1219152150036
2013-05-02,2012/13,Denver Nuggets (76/77-24/25),1708.3349117219748
2013-05-03,2012/13,LA Clippers (70/71-24/25),1644.785844536557
2013-05-03,2012/13,Atlanta Hawks (49/50-24/25),1510.4894957274792
2013-05-03,2012/13,Houston Rockets (67/68-24/25),1582.7642459144756
2013-05-03,2012/13,Boston Celtics (46/47-24/25),1507.403107267274
2013-05-04,2012/13,Brooklyn Nets (76/77-24/25),1581.022669865846
2013-05-15,2012/13,Oklahoma City Thunder (67/68-24/25),1669.888510754331
2013-05-15,2012/13,Chicago Bulls (96/97-24/25),1578.39740661311
2013-05-16,2012/13,Golden State Warriors (46/47-24/25),1636.8955693406876
2013-05-18,2012/13,New York Knicks (46/47-24/25),1626.7188748202818
2013-05-27,2012/13,Memphis Grizzlies (95/96-24/25),1706.1480776252374
2013-06-03,2012/13,Indiana Pacers (76/77-24/25),1680.6933016031478
2013-06-20,2012/13,Miami Heat (88/89-24/25),1823.6087457081765
2013-06-20,2012/13,San Antonio Spurs (76/77-24/25),1771.160821948221
2014-04-16,2013/14,Denver Nuggets (76/77-24/25),1517.5929052196134
2014-04-16,2013/14,Phoenix Suns (68/69-24/25),1613.142690032994
2014-04-16,2013/14,Sacramento Kings (48/49-24/25),1423.723936610955
2014-04-16,2013/14,New York Knicks (46/47-24/25),1592.323521038907
2014-04-16,2013/14,Cleveland Cavaliers (70/71-24/25),1479.535831010841
2014-04-16,2013/14,Utah Jazz (74/75-24/25),1367.2307754725623
2014-04-16,2013/14,Minnesota Timberwolves (89/90-24/25),1531.1855711803928
2014-04-16,2013/14,New Orleans Pelicans (02/03-24/25),1493.7923926762774
2014-04-16,2013/14,Boston Celtics (46/47-24/25),1326.7147604166803
2014-04-16,2013/14,Orlando Magic (89/90-24/25),1347.7612688152965
2014-04-16,2013/14,Los Angeles Lakers (48/49-24/25),1410.0020154498857
2014-04-16,2013/14,Philadelphia 76ers (49/50-24/25),1277.118208545888
2014-04-16,2013/14,Milwaukee Bucks (68/69-24/25),1259.5193072014329
2014-04-16,2013/14,Detroit Pistons (48/49-24/25),1362.7201448911742
2014-04-28,2013/14,Charlotte Hornets (88/89-24/25),1558.6327017039905
2014-04-29,2013/14,Chicago Bulls (96/97-24/25),1589.4991118140438
2014-05-02,2013/14,Houston Rockets (67/68-24/25),1631.7670589790114
2014-05-03,2013/14,Golden State Warriors (46/47-24/25),1657.2980513657042
2014-05-03,2013/14,Memphis Grizzlies (95/96-24/25),1674.1525900974773
2014-05-03,2013/14,Atlanta Hawks (49/50-24/25),1501.3570295638017
2014-05-04,2013/14,Dallas Mavericks (80/81-24/25),1659.3550109846424
2014-05-04,2013/14,Toronto Raptors (95/96-24/25),1587.1237637523402
2014-05-14,2013/14,Portland Trail Blazers (70/71-24/25),1651.5069296578677
2014-05-14,2013/14,Brooklyn Nets (76/77-24/25),1572.8412483166665
2014-05-15,2013/14,LA Clippers (70/71-24/25),1680.0676531978197
2014-05-15,2013/14,Washington Wizards (61/62-24/25),1593.445668756096
2014-05-30,2013/14,Indiana Pacers (76/77-24/25),1603.3027080918089
2014-05-31,2013/14,Oklahoma City Thunder (67/68-24/25),1714.890887427303
2014-06-15,2013/14,San Antonio Spurs (76/77-24/25),1812.2451904810189
2014-06-15,2013/14,Miami Heat (88/89-24/25),1666.9814548350532
2015-04-14,2014/15,Phoenix Suns (68/69-24/25),1491.7410055604928
2015-04-15,2014/15,Miami Heat (88/89-24/25),1488.059360989185
2015-04-15,2014/15,Los Angeles Lakers (48/49-24/25),1315.507134844656
2015-04-15,2014/15,Sacramento Kings (48/49-24/25),1410.890526982385
2015-04-15,2014/15,Philadelphia 76ers (49/50-24/25),1272.0105933877585
2015-04-15,2014/15,Utah Jazz (74/75-24/25),1575.828597979952
2015-04-15,2014/15,Denver Nuggets (76/77-24/25),1439.2446054823208
2015-04-15,2014/15,Orlando Magic (89/90-24/25),1353.2240400420824
2015-04-15,2014/15,Minnesota Timberwolves (89/90-24/25),1281.4398840090478
2015-04-15,2014/15,Oklahoma City Thunder (67/68-24/25),1605.7060767617347
2015-04-15,2014/15,Charlotte Hornets (88/89-24/25),1409.1457555663255
2015-04-15,2014/15,Indiana Pacers (76/77-24/25),1566.1626338149465
2015-04-15,2014/15,New York Knicks (46/47-24/25),1311.0822931377074
2015-04-15,2014/15,Detroit Pistons (48/49-24/25),1468.273817151124
2015-04-25,2014/15,New Orleans Pelicans (02/03-24/25),1582.344311470554
2015-04-26,2014/15,Toronto Raptors (95/96-24/25),1497.03959193452
2015-04-26,2014/15,Boston Celtics (46/47-24/25),1572.662368108514
2015-04-28,2014/15,Dallas Mavericks (80/81-24/25),1598.980349327987
2015-04-29,2014/15,Portland Trail Blazers (70/71-24/25),1549.464317330282
2015-04-30,2014/15,Milwaukee Bucks (68/69-24/25),1504.1030653565897
2015-05-01,2014/15,Brooklyn Nets (76/77-24/25),1545.8300930142416
2015-05-02,2014/15,San Antonio Spurs (76/77-24/25),1735.730412821467
2015-05-14,2014/15,Chicago Bulls (96/97-24/25),1600.4125909466056
2015-05-15,2014/15,Memphis Grizzlies (95/96-24/25),1678.3562783193563
2015-05-15,2014/15,Washington Wizards (61/62-24/25),1578.2382877803216
2015-05-17,2014/15,LA Clippers (70/71-24/25),1730.3393537407612
2015-05-26,2014/15,Atlanta Hawks (49/50-24/25),1622.6259719898262
2015-05-27,2014/15,Houston Rockets (67/68-24/25),1733.4067243080904
2015-06-16,2014/15,Golden State Warriors (46/47-24/25),1871.587410546089
2015-06-16,2014/15,Cleveland Cavaliers (70/71-24/25),1767.3929348826225
2016-04-12,2015/16,New York Knicks (46/47-24/25),1392.4693258443906
2016-04-13,2015/16,New Orleans Pelicans (02/03-24/25),1415.2407092420756
2016-04-13,2015/16,Minnesota Timberwolves (89/90-24/25),1475.3409097263698
2016-04-13,2015/16,Sacramento Kings (48/49-24/25),1451.1800285768393
2016-04-13,2015/16,Washington Wizards (61/62-24/25),1551.1781894594055
2016-04-13,2015/16,Utah Jazz (74/75-24/25),1535.187897562483
2016-04-13,2015/16,Los Angeles Lakers (48/49-24/25),1308.5276601948506
2016-04-13,2015/16,Milwaukee Bucks (68/69-24/25),1436.9722436371326
2016-04-13,2015/16,Philadelphia 76ers (49/50-24/25),1192.3090354600677
2016-04-13,2015/16,Chicago Bulls (96/97-24/25),1521.921429641611
2016-04-13,2015/16,Brooklyn Nets (76/77-24/25),1309.1021811903724
2016-04-13,2015/16,Phoenix Suns (68/69-24/25),1363.0631280299492
2016-04-13,2015/16,Orlando Magic (89/90-24/25),1464.5851045954507
2016-04-13,2015/16,Denver Nuggets (76/77-24/25),1452.6432899981908
2016-04-24,2015/16,Memphis Grizzlies (95/96-24/25),1456.930021500654
2016-04-24,2015/16,Detroit Pistons (48/49-24/25),1547.2145068334808
2016-04-25,2015/16,Dallas Mavericks (80/81-24/25),1543.7256706552685
2016-04-27,2015/16,Houston Rockets (67/68-24/25),1574.2636242352032
2016-04-28,2015/16,Boston Celtics (46/47-24/25),1601.035319659384
2016-04-29,2015/16,LA Clippers (70/71-24/25),1626.1823663188254
2016-05-01,2015/16,Indiana Pacers (76/77-24/25),1592.3510620892214
2016-05-01,2015/16,Charlotte Hornets (88/89-24/25),1608.2301007879678
2016-05-08,2015/16,Atlanta Hawks (49/50-24/25),1604.9401966228922
2016-05-11,2015/16,Portland Trail Blazers (70/71-24/25),1674.813327065994
2016-05-12,2015/16,San Antonio Spurs (76/77-24/25),1764.3845669014636
2016-05-15,2015/16,Miami Heat (88/89-24/25),1622.8222633178411
2016-05-27,2015/16,Toronto Raptors (95/96-24/25),1667.8861629140845
2016-05-30,2015/16,Oklahoma City Thunder (67/68-24/25),1761.8297246186282
2016-06-19,2015/16,Cleveland Cavaliers (70/71-24/25),1811.9833845183732
2016-06-19,2015/16,Golden State Warriors (46/47-24/25),1828.516956389076
2017-04-11,2016/17,Charlotte Hornets (88/89-24/25),1469.223692919268
2017-04-11,2016/17,Phoenix Suns (68/69-24/25),1349.6832851223755
2017-04-12,2016/17,Miami Heat (88/89-24/25),1613.8937228206898
2017-04-12,2016/17,Sacramento Kings (48/49-24/25),1457.4720075768212
2017-04-12,2016/17,Detroit Pistons (48/49-24/25),1451.9349356019773
2017-04-12,2016/17,Minnesota Timberwolves (89/90-24/25),1449.8510796455428
2017-04-12,2016/17,Orlando Magic (89/90-24/25),1396.9183070499416
2017-04-12,2016/17,Brooklyn Nets (76/77-24/25),1375.2475754508218
2017-04-12,2016/17,New York Knicks (46/47-24/25),1408.4469408190707
2017-04-12,2016/17,Dallas Mavericks (80/81-24/25),1466.509731128771
2017-04-12,2016/17,Denver Nuggets (76/77-24/25),1582.1413947969577
2017-04-12,2016/17,New Orleans Pelicans (02/03-24/25),1514.5549485388017
2017-04-12,2016/17,Philadelphia 76ers (49/50-24/25),1363.7270331376972
2017-04-12,2016/17,Los Angeles Lakers (48/49-24/25),1419.3430255179012
2017-04-23,2016/17,Indiana Pacers (76/77-24/25),1503.7356872143514
2017-04-24,2016/17,Portland Trail Blazers (70/71-24/25),1590.2750757543274
2017-04-25,2016/17,Oklahoma City Thunder (67/68-24/25),1572.5968092770822
2017-04-27,2016/17,Memphis Grizzlies (95/96-24/25),1504.4454761147858
2017-04-27,2016/17,Milwaukee Bucks (68/69-24/25),1551.8301792400166
2017-04-28,2016/17,Chicago Bulls (96/97-24/25),1535.5569858271654
2017-04-28,2016/17,Atlanta Hawks (49/50-24/25),1517.2957418938956
2017-04-30,2016/17,LA Clippers (70/71-24/25),1642.044209696497
2017-05-07,2016/17,Toronto Raptors (95/96-24/25),1598.0755498844878
2017-05-08,2016/17,Utah Jazz (74/75-24/25),1644.0799553956194
2017-05-11,2016/17,Houston Rockets (67/68-24/25),1643.7067287469995
2017-05-15,2016/17,Washington Wizards (61/62-24/25),1617.3234626794397
2017-05-22,2016/17,San Antonio Spurs (76/77-24/25),1671.516227116935
2017-05-25,2016/17,Boston Celtics (46/47-24/25),1626.385771862071
2017-06-12,2016/17,Golden State Warriors (46/47-24/25),1910.5810951908616
2017-06-12,2016/17,Cleveland Cavaliers (70/71-24/25),1708.4337515663735
2018-04-10,2017/18,Phoenix Suns (68/69-24/25),1291.755961435799
2018-04-10,2017/18,Dallas Mavericks (80/81-24/25),1350.8761843334903
2018-04-10,2017/18,Charlotte Hornets (88/89-24/25),1480.117475787221
2018-04-10,2017/18,Atlanta Hawks (49/50-24/25),1405.6827169519722
2018-04-11,2017/18,Sacramento Kings (48/49-24/25),1429.254337011589
2018-04-11,2017/18,Los Angeles Lakers (48/49-24/25),1493.7750478932812
2018-04-11,2017/18,LA Clippers (70/71-24/25),1553.5022529457206
2018-04-11,2017/18,Orlando Magic (89/90-24/25),1358.1125122174035
2018-04-11,2017/18,New York Knicks (46/47-24/25),1377.4854901167616
2018-04-11,2017/18,Denver Nuggets (76/77-24/25),1632.9176463748604
2018-04-11,2017/18,Detroit Pistons (48/49-24/25),1500.928943219501
2018-04-11,2017/18,Chicago Bulls (96/97-24/25),1371.2393614865043
2018-04-11,2017/18,Brooklyn Nets (76/77-24/25),1432.889603269011
2018-04-11,2017/18,Memphis Grizzlies (95/96-24/25),1316.7196915007044
2018-04-21,2017/18,Portland Trail Blazers (70/71-24/25),1601.6176419088724
2018-04-24,2017/18,Miami Heat (88/89-24/25),1540.558358195209
2018-04-24,2017/18,San Antonio Spurs (76/77-24/25),1566.2653095530077
2018-04-25,2017/18,Minnesota Timberwolves (89/90-24/25),1577.3318279048651
2018-04-27,2017/18,Oklahoma City Thunder (67/68-24/25),1626.0194168902126
2018-04-27,2017/18,Washington Wizards (61/62-24/25),1514.9119370542332
2018-04-28,2017/18,Milwaukee Bucks (68/69-24/25),1560.0193198588106
2018-04-29,2017/18,Indiana Pacers (76/77-24/25),1617.3905621044064
2018-05-07,2017/18,Toronto Raptors (95/96-24/25),1622.4861150746244
2018-05-08,2017/18,Utah Jazz (74/75-24/25),1685.263591718825
2018-05-08,2017/18,New Orleans Pelicans (02/03-24/25),1662.9545818501515
2018-05-09,2017/18,Philadelphia 76ers (49/50-24/25),1669.6514063069465
2018-05-27,2017/18,Boston Celtics (46/47-24/25),1660.8452378836887
2018-05-28,2017/18,Houston Rockets (67/68-24/25),1782.2480260396967
2018-06-08,2017/18,Golden State Warriors (46/47-24/25),1804.918636318115
2018-06-08,2017/18,Cleveland Cavaliers (70/71-24/25),1669.0911943820618
2019-04-09,2018/19,Washington Wizards (61/62-24/25),1401.7897755097244
2019-04-09,2018/19,New Orleans Pelicans (02/03-24/25),1417.72128870783
2019-04-09,2018/19,Phoenix Suns (68/69-24/25),1332.6173314350374
2019-04-09,2018/19,Cleveland Cavaliers (70/71-24/25),1338.311366035004
2019-04-09,2018/19,Los Angeles Lakers (48/49-24/25),1482.813197621414
2019-04-10,2018/19,Miami Heat (88/89-24/25),1522.275734046426
2019-04-10,2018/19,New York Knicks (46/47-24/25),1301.5883039844334
2019-04-10,2018/19,Sacramento Kings (48/49-24/25),1466.6472586533882
2019-04-10,2018/19,Atlanta Hawks (49/50-24/25),1475.4290623844613
2019-04-10,2018/19,Charlotte Hornets (88/89-24/25),1549.6092574879776
2019-04-10,2018/19,Chicago Bulls (96/97-24/25),1348.897679901482
2019-04-10,2018/19,Memphis Grizzlies (95/96-24/25),1453.5444139970848
2019-04-10,2018/19,Dallas Mavericks (80/81-24/25),1433.646107533781
2019-04-10,2018/19,Minnesota Timberwolves (89/90-24/25),1479.0284033459272
2019-04-21,2018/19,Indiana Pacers (76/77-24/25),1501.869640168633
2019-04-22,2018/19,Detroit Pistons (48/49-24/25),1502.4528465747574
2019-04-23,2018/19,Orlando Magic (89/90-24/25),1583.408295776566
2019-04-23,2018/19,Oklahoma City Thunder (67/68-24/25),1600.9083235932874
2019-04-23,2018/19,Brooklyn Nets (76/77-24/25),1538.9011105003383
2019-04-24,2018/19,Utah Jazz (74/75-24/25),1633.597129740284
2019-04-26,2018/19,LA Clippers (70/71-24/25),1611.5554764391634
2019-04-27,2018/19,San Antonio Spurs (76/77-24/25),1617.7116618658858
2019-05-08,2018/19,Boston Celtics (46/47-24/25),1625.6081119133871
2019-05-10,2018/19,Houston Rockets (67/68-24/25),1709.361652995448
2019-05-12,2018/19,Philadelphia 76ers (49/50-24/25),1641.5099348409035
2019-05-12,2018/19,Denver Nuggets (76/77-24/25),1659.282431008568
2019-05-20,2018/19,Portland Trail Blazers (70/71-24/25),1674.3176106472754
2019-05-25,2018/19,Milwaukee Bucks (68/69-24/25),1709.43200075776
2019-06-13,2018/19,Toronto Raptors (95/96-24/25),1785.02921078051
2019-06-13,2018/19,Golden State Warriors (46/47-24/25),1757.9657693408074
2020-03-10,2019/20,Golden State Warriors (46/47-24/25),1382.9961475044902
2020-03-10,2019/20,Cleveland Cavaliers (70/71-24/25),1384.7318399170986
2020-03-10,2019/20,Chicago Bulls (96/97-24/25),1366.0060002836906
2020-03-10,2019/20,Minnesota Timberwolves (89/90-24/25),1354.4229313561518
2020-03-11,2019/20,Atlanta Hawks (49/50-24/25),1418.4444597511592
2020-03-11,2019/20,Charlotte Hornets (88/89-24/25),1437.872673826294
2020-03-11,2019/20,New York Knicks (46/47-24/25),1409.2878868290247
2020-03-11,2019/20,Detroit Pistons (48/49-24/25),1324.6820227396547
2020-08-13,2019/20,Sacramento Kings (48/49-24/25),1534.393865180988
2020-08-13,2019/20,Washington Wizards (61/62-24/25),1403.3298747208307
2020-08-13,2019/20,San Antonio Spurs (76/77-24/25),1560.4394602454029
2020-08-13,2019/20,New Orleans Pelicans (02/03-24/25),1495.131951626348
2020-08-13,2019/20,Phoenix Suns (68/69-24/25),1606.2267573404972
2020-08-15,2019/20,Memphis Grizzlies (95/96-24/25),1512.8628755442514
2020-08-23,2019/20,Philadelphia 76ers (49/50-24/25),1541.2213703283724
2020-08-23,2019/20,Brooklyn Nets (76/77-24/25),1542.0021832464106
2020-08-24,2019/20,Indiana Pacers (76/77-24/25),1578.6593292943685
2020-08-29,2019/20,Portland Trail Blazers (70/71-24/25),1581.5648616865628
2020-08-29,2019/20,Orlando Magic (89/90-24/25),1501.4059874552956
2020-08-30,2019/20,Dallas Mavericks (80/81-24/25),1550.904338184679
2020-09-01,2019/20,Utah Jazz (74/75-24/25),1576.2252573983797
2020-09-02,2019/20,Oklahoma City Thunder (67/68-24/25),1634.6144303076912
2020-09-08,2019/20,Milwaukee Bucks (68/69-24/25),1634.917692700284
2020-09-11,2019/20,Toronto Raptors (95/96-24/25),1764.969984237835
2020-09-12,2019/20,Houston Rockets (67/68-24/25),1598.360808569952
2020-09-15,2019/20,LA Clippers (70/71-24/25),1652.6043213565565
2020-09-26,2019/20,Denver Nuggets (76/77-24/25),1633.0476345869022
2020-09-27,2019/20,Boston Celtics (46/47-24/25),1698.043899767523
2020-10-11,2019/20,Los Angeles Lakers (48/49-24/25),1777.7497026073245
2020-10-11,2019/20,Miami Heat (88/89-24/25),1699.7098389935295
2021-05-16,2020/21,Oklahoma City Thunder (67/68-24/25),1329.2920618478238
2021-05-16,2020/21,Orlando Magic (89/90-24/25),1339.739992970128
2021-05-16,2020/21,Toronto Raptors (95/96-24/25),1409.970187256263
2021-05-16,2020/21,Sacramento Kings (48/49-24/25),1485.2689177854757
2021-05-16,2020/21,Cleveland Cavaliers (70/71-24/25),1324.2524178948593
2021-05-16,2020/21,Minnesota Timberwolves (89/90-24/25),1463.8030993860996
2021-05-16,2020/21,Houston Rockets (67/68-24/25),1323.9537943194655
2021-05-16,2020/21,Chicago Bulls (96/97-24/25),1505.68128090876
2021-05-16,2020/21,Detroit Pistons (48/49-24/25),1344.9735008499758
2021-05-16,2020/21,New Orleans Pelicans (02/03-24/25),1481.8212738710172
2021-05-18,2020/21,Charlotte Hornets (88/89-24/25),1441.3440419797942
2021-05-19,2020/21,San Antonio Spurs (76/77-24/25),1473.1705962419385
2021-05-20,2020/21,Indiana Pacers (76/77-24/25),1509.3342042948846
2021-05-21,2020/21,Golden State Warriors (46/47-24/25),1579.780482766503
2021-05-29,2020/21,Miami Heat (88/89-24/25),1581.999255719015
2021-06-01,2020/21,Boston Celtics (46/47-24/25),1513.0577352937314
2021-06-02,2020/21,Washington Wizards (61/62-24/25),1545.4278518175563
2021-06-02,2020/21,Memphis Grizzlies (95/96-24/25),1578.145896839428
2021-06-02,2020/21,New York Knicks (46/47-24/25),1603.5593891784472
2021-06-03,2020/21,Portland Trail Blazers (70/71-24/25),1612.3965411793563
2021-06-03,2020/21,Los Angeles Lakers (48/49-24/25),1603.080134836442
2021-06-06,2020/21,Dallas Mavericks (80/81-24/25),1598.5920927813004
2021-06-13,2020/21,Denver Nuggets (76/77-24/25),1641.9341039852518
2021-06-18,2020/21,Utah Jazz (74/75-24/25),1651.532370702187
2021-06-19,2020/21,Brooklyn Nets (76/77-24/25),1665.4252130910145
2021-06-20,2020/21,Philadelphia 76ers (49/50-24/25),1667.05493026433
2021-06-30,2020/21,LA Clippers (70/71-24/25),1683.8178207075418
2021-07-03,2020/21,Atlanta Hawks (49/50-24/25),1672.949524325929
2021-07-20,2020/21,Milwaukee Bucks (68/69-24/25),1789.1772709996633
2021-07-20,2020/21,Phoenix Suns (68/69-24/25),1736.2944034933664
2022-04-10,2021/22,Sacramento Kings (48/49-24/25),1444.831969617495
2022-04-10,2021/22,Detroit Pistons (48/49-24/25),1412.6504028261204
2022-04-10,2021/22,Orlando Magic (89/90-24/25),1396.2977813851987
2022-04-10,2021/22,New York Knicks (46/47-24/25),1530.046057445245
2022-04-10,2021/22,Houston Rockets (67/68-24/25),1310.8211676690248
2022-04-10,2021/22,Los Angeles Lakers (48/49-24/25),1427.0522600713332
2022-04-10,2021/22,Portland Trail Blazers (70/71-24/25),1301.073880649817
2022-04-10,2021/22,Washington Wizards (61/62-24/25),1434.4148785421394
2022-04-10,2021/22,Indiana Pacers (76/77-24/25),1334.9293245168983
2022-04-10,2021/22,Oklahoma City Thunder (67/68-24/25),1352.5720826923932
2022-04-13,2021/22,Charlotte Hornets (88/89-24/25),1568.6408341918457
2022-04-13,2021/22,San Antonio Spurs (76/77-24/25),1494.9976604063097
2022-04-15,2021/22,Cleveland Cavaliers (70/71-24/25),1474.9798176341908
2022-04-15,2021/22,LA Clippers (70/71-24/25),1551.1461470556455
2022-04-25,2021/22,Brooklyn Nets (76/77-24/25),1540.449419769728
2022-04-26,2021/22,Atlanta Hawks (49/50-24/25),1591.9636961415129
2022-04-27,2021/22,Denver Nuggets (76/77-24/25),1566.536221353575
2022-04-27,2021/22,Chicago Bulls (96/97-24/25),1509.908361334482
2022-04-28,2021/22,Utah Jazz (74/75-24/25),1566.4201433230612
2022-04-28,2021/22,New Orleans Pelicans (02/03-24/25),1569.0991916056787
2022-04-28,2021/22,Toronto Raptors (95/96-24/25),1633.0260942380266
2022-04-29,2021/22,Minnesota Timberwolves (89/90-24/25),1615.025334434898
2022-05-12,2021/22,Philadelphia 76ers (49/50-24/25),1653.182419424663
2022-05-13,2021/22,Memphis Grizzlies (95/96-24/25),1663.2684440401372
2022-05-15,2021/22,Milwaukee Bucks (68/69-24/25),1670.8737575707917
2022-05-15,2021/22,Phoenix Suns (68/69-24/25),1689.8634882456388
2022-05-26,2021/22,Dallas Mavericks (80/81-24/25),1677.013103910128
2022-05-29,2021/22,Miami Heat (88/89-24/25),1702.29834729851
2022-06-16,2021/22,Golden State Warriors (46/47-24/25),1761.423091310332
2022-06-16,2021/22,Boston Celtics (46/47-24/25),1712.025008882728
2023-04-09,2022/23,San Antonio Spurs (76/77-24/25),1360.7961157494592
2023-04-09,2022/23,Dallas Mavericks (80/81-24/25),1428.7886540654724
2023-04-09,2022/23,Detroit Pistons (48/49-24/25),1260.9305580612424
2023-04-09,2022/23,Orlando Magic (89/90-24/25),1491.4866935914413
2023-04-09,2022/23,Utah Jazz (74/75-24/25),1452.4210498764198
2023-04-09,2022/23,Charlotte Hornets (88/89-24/25),1454.557151441197
2023-04-09,2022/23,Washington Wizards (61/62-24/25),1444.3027882613028
2023-04-09,2022/23,Portland Trail Blazers (70/71-24/25),1376.0184185299684
2023-04-09,2022/23,Indiana Pacers (76/77-24/25),1435.8695766851029
2023-04-09,2022/23,Houston Rockets (67/68-24/25),1394.5002067423302
2023-04-12,2022/23,New Orleans Pelicans (02/03-24/25),1542.6877897435306
2023-04-12,2022/23,Toronto Raptors (95/96-24/25),1571.2997984358371
2023-04-14,2022/23,Chicago Bulls (96/97-24/25),1570.1599464477692
2023-04-14,2022/23,Oklahoma City Thunder (67/68-24/25),1532.9056635249326
2023-04-22,2022/23,Brooklyn Nets (76/77-24/25),1520.6800234462287
2023-04-25,2022/23,Minnesota Timberwolves (89/90-24/25),1545.66950064793
2023-04-25,2022/23,LA Clippers (70/71-24/25),1563.2956022233243
2023-04-26,2022/23,Cleveland Cavaliers (70/71-24/25),1579.4656463231051
2023-04-26,2022/23,Milwaukee Bucks (68/69-24/25),1636.6254625362126
2023-04-27,2022/23,Atlanta Hawks (49/50-24/25),1561.1986248822343
2023-04-28,2022/23,Memphis Grizzlies (95/96-24/25),1596.7531662228928
2023-04-30,2022/23,Sacramento Kings (48/49-24/25),1561.1804218999232
2023-05-11,2022/23,Phoenix Suns (68/69-24/25),1625.950999229672
2023-05-12,2022/23,New York Knicks (46/47-24/25),1626.3142279356098
2023-05-12,2022/23,Golden State Warriors (46/47-24/25),1602.8215710001955
2023-05-14,2022/23,Philadelphia 76ers (49/50-24/25),1695.348717128857
2023-05-22,2022/23,Los Angeles Lakers (48/49-24/25),1618.7260015779705
2023-05-29,2022/23,Boston Celtics (46/47-24/25),1695.8784658839363
2023-06-12,2022/23,Denver Nuggets (76/77-24/25),1757.5575273559082
2023-06-12,2022/23,Miami Heat (88/89-24/25),1652.6400181375411
2024-04-14,2023/24,San Antonio Spurs (76/77-24/25),1444.7451192406036
2024-04-14,2023/24,Detroit Pistons (48/49-24/25),1281.0801697456766
2024-04-14,2023/24,Memphis Grizzlies (95/96-24/25),1383.5446817231327
2024-04-14,2023/24,Portland Trail Blazers (70/71-24/25),1328.8410035064198
2024-04-14,2023/24,Utah Jazz (74/75-24/25),1402.212545869316
2024-04-14,2023/24,Brooklyn Nets (76/77-24/25),1435.3076990402024
2024-04-14,2023/24,Charlotte Hornets (88/89-24/25),1375.343705036819
2024-04-14,2023/24,Houston Rockets (67/68-24/25),1560.6562754609486
2024-04-14,2023/24,Washington Wizards (61/62-24/25),1283.839934445519
2024-04-14,2023/24,Toronto Raptors (95/96-24/25),1323.5558386163889
2024-04-16,2023/24,Golden State Warriors (46/47-24/25),1627.3578965074228
2024-04-17,2023/24,Atlanta Hawks (49/50-24/25),1470.6673767381071
2024-04-19,2023/24,Chicago Bulls (96/97-24/25),1523.6065769090144
2024-04-19,2023/24,Sacramento Kings (48/49-24/25),1569.6791673271712
2024-04-28,2023/24,Phoenix Suns (68/69-24/25),1614.1116698379135
2024-04-29,2023/24,New Orleans Pelicans (02/03-24/25),1580.4542620231869
2024-04-29,2023/24,Los Angeles Lakers (48/49-24/25),1637.5146348765418
2024-05-01,2023/24,Miami Heat (88/89-24/25),1572.549698545967
2024-05-02,2023/24,Philadelphia 76ers (49/50-24/25),1593.6404508996443
2024-05-02,2023/24,Milwaukee Bucks (68/69-24/25),1541.5317982493857
2024-05-03,2023/24,LA Clippers (70/71-24/25),1579.7269585596118
2024-05-05,2023/24,Orlando Magic (89/90-24/25),1544.6836511635092
2024-05-15,2023/24,Cleveland Cavaliers (70/71-24/25),1546.7708315999214
2024-05-18,2023/24,Oklahoma City Thunder (67/68-24/25),1697.9535075119732
2024-05-19,2023/24,New York Knicks (46/47-24/25),1633.551994039774
2024-05-19,2023/24,Denver Nuggets (76/77-24/25),1715.9945990680196
2024-05-27,2023/24,Indiana Pacers (76/77-24/25),1619.4932604135747
2024-05-30,2023/24,Minnesota Timberwolves (89/90-24/25),1694.7551994714293
2024-06-17,2023/24,Boston Celtics (46/47-24/25),1838.233915304765
2024-06-17,2023/24,Dallas Mavericks (80/81-24/25),1735.425965855589
2025-04-13,2024/25,Phoenix Suns (68/69-24/25),1475.3709814491365
2025-04-13,2024/25,Portland Trail Blazers (70/71-24/25),1533.478815018772
2025-04-13,2024/25,San Antonio Spurs (76/77-24/25),1460.117649543726
2025-04-13,2024/25,Toronto Raptors (95/96-24/25),1424.5269117342098
2025-04-13,2024/25,Utah Jazz (74/75-24/25),1287.3910130460856
2025-04-13,2024/25,Brooklyn Nets (76/77-24/25),1360.6632327770462
2025-04-13,2024/25,New Orleans Pelicans (02/03-24/25),1351.8157156868235
2025-04-13,2024/25,Washington Wizards (61/62-24/25),1310.5121546350076
2025-04-13,2024/25,Philadelphia 76ers (49/50-24/25),1295.8864075742106
2025-04-13,2024/25,Charlotte Hornets (88/89-24/25),1275.1441853194665
2025-04-16,2024/25,Sacramento Kings (48/49-24/25),1512.0355724071394
2025-04-16,2024/25,Chicago Bulls (96/97-24/25),1560.4216128242238
2025-04-18,2024/25,Atlanta Hawks (49/50-24/25),1487.1780377994637
2025-04-18,2024/25,Dallas Mavericks (80/81-24/25),1480.299624536446
2025-04-26,2024/25,Memphis Grizzlies (95/96-24/25),1536.0815036185882
2025-04-28,2024/25,Miami Heat (88/89-24/25),1473.4120685732871
2025-04-29,2024/25,Orlando Magic (89/90-24/25),1560.9737156337071
2025-04-29,2024/25,Milwaukee Bucks (68/69-24/25),1614.0127868382822
2025-04-30,2024/25,Los Angeles Lakers (48/49-24/25),1605.4367239187454
2025-05-01,2024/25,Detroit Pistons (48/49-24/25),1539.038933664564
2025-05-03,2024/25,LA Clippers (70/71-24/25),1676.434520617347
2025-05-04,2024/25,Houston Rockets (67/68-24/25),1628.4900123699315
2025-05-13,2024/25,Cleveland Cavaliers (70/71-24/25),1686.169393748478
2025-05-14,2024/25,Golden State Warriors (46/47-24/25),1623.1686845173658
2025-05-16,2024/25,Boston Celtics (46/47-24/25),1708.7958559692834
2025-05-18,2024/25,Denver Nuggets (76/77-24/25),1694.2783621635988
2025-05-28,2024/25,Minnesota Timberwolves (89/90-24/25),1715.8447813414357
2025-05-31,2024/25,New York Knicks (46/47-24/25),1668.386551080135
2025-06-22,2024/25,Oklahoma City Thunder (67/68-24/25),1844.817751061589
2025-06-22,2024/25,Indiana Pacers (76/77-24/25),1766.6468281194525
