SEASON_YEAR,TEAM_ID,team_name,games_played,wins,losses,win_rate,avg_points,avg_opp_points,avg_point_diff,avg_FG_pct,avg_3pt_pct,avg_FT_pct,avg_reb,avg_oreb,avg_dreb,avg_assists,avg_turnovers,avg_steals,avg_blocks,avg_fouls,avg_points_rolling
2010-11,1610612737,Atlanta Hawks,94,50,44,0.5319148936170213,93.88297872340425,95.15957446808511,-1.2765957446808511,0.4596489361702128,0.3529148936170213,0.7684148936170212,39.02127659574468,9.25531914893617,29.76595744680851,21.47872340425532,13.47872340425532,6.085106382978723,4.26595744680851,19.127659574468087,93.81333333333335
2010-11,1610612738,Boston Celtics,91,61,30,0.6703296703296703,96.31868131868131,91.35164835164835,4.967032967032967,0.4847912087912088,0.3706263736263736,0.7686043956043955,38.81318681318681,7.9010989010989015,30.912087912087912,23.186813186813186,14.68131868131868,8.153846153846153,4.197802197802198,20.604395604395606,96.52873563218391
2010-11,1610612739,Cleveland Cavaliers,82,19,63,0.23170731707317074,95.45121951219512,104.46341463414635,-9.012195121951219,0.4352926829268293,0.3413414634146341,0.743219512195122,40.30487804878049,10.439024390243903,29.865853658536587,20.975609756097562,14.21951219512195,6.634146341463414,4.158536585365853,20.097560975609756,95.38974358974359
2010-11,1610612740,New Orleans Hornets,88,48,40,0.5454545454545454,94.54545454545455,94.20454545454545,0.3409090909090909,0.4592613636363636,0.3588636363636364,0.7656363636363637,39.69318181818182,9.886363636363637,29.806818181818183,20.59090909090909,13.022727272727273,7.579545454545454,4.284090909090909,21.147727272727273,94.64285714285714
2010-11,1610612741,Chicago Bulls,98,71,27,0.7244897959183674,97.62244897959184,90.8061224489796,6.816326530612245,0.45661224489795915,0.35452040816326535,0.7493061224489797,44.06122448979592,12.051020408163266,32.01020408163265,21.928571428571427,14.071428571428571,7.23469387755102,5.857142857142857,20.193877551020407,97.82127659574469
2010-11,1610612742,Dallas Mavericks,103,73,30,0.7087378640776699,99.83495145631068,95.29126213592232,4.543689320388349,0.472368932038835,0.3692233009708738,0.7814466019417476,40.81553398058252,9.54368932038835,31.271844660194176,23.07766990291262,13.74757281553398,6.854368932038835,4.252427184466019,19.388349514563107,99.85252525252525
2010-11,1610612743,Denver Nuggets,87,51,36,0.5862068965517241,106.8735632183908,102.66666666666667,4.206896551724138,0.4725057471264367,0.379448275862069,0.762896551724138,41.758620689655174,9.517241379310345,32.241379310344826,21.850574712643677,14.0,7.333333333333333,4.252873563218391,21.126436781609197,107.16385542168675
2010-11,1610612744,Golden State Warriors,82,36,46,0.43902439024390244,103.3780487804878,105.70731707317073,-2.3292682926829267,0.4620609756097561,0.3842926829268293,0.754890243902439,40.548780487804876,11.646341463414634,28.902439024390244,22.524390243902438,14.609756097560975,8.987804878048781,4.951219512195122,22.024390243902438,103.01282051282051
2010-11,1610612745,Houston Rockets,82,43,39,0.524390243902439,105.91463414634147,103.73170731707317,2.182926829268293,0.4555853658536585,0.3663170731707317,0.8022682926829269,42.81707317073171,11.731707317073171,31.085365853658537,23.841463414634145,13.536585365853659,7.085365853658536,4.524390243902439,20.01219512195122,105.81025641025641
2010-11,1610612746,Los Angeles Clippers,82,32,50,0.3902439024390244,98.64634146341463,101.78048780487805,-3.1341463414634148,0.45782926829268294,0.3374268292682927,0.7053536585365854,42.146341463414636,11.646341463414634,30.5,22.109756097560975,16.378048780487806,7.134146341463414,4.902439024390244,21.134146341463413,98.95384615384614
2010-11,1610612747,Los Angeles Lakers,92,61,31,0.6630434782608695,100.57608695652173,95.27173913043478,5.304347826086956,0.4618913043478261,0.34632608695652173,0.7737608695652173,43.630434782608695,12.119565217391305,31.51086956521739,21.630434782608695,13.021739130434783,7.293478260869565,5.141304347826087,19.141304347826086,100.59318181818183
2010-11,1610612748,Miami Heat,103,72,31,0.6990291262135923,100.16504854368932,93.67961165048544,6.485436893203883,0.47409708737864076,0.35908737864077667,0.7703106796116505,41.922330097087375,9.737864077669903,32.18446601941748,19.271844660194176,13.912621359223301,6.766990291262136,5.407766990291262,20.174757281553397,100.48080808080809
2010-11,1610612749,Milwaukee Bucks,82,35,47,0.4268292682926829,91.8780487804878,92.71951219512195,-0.8414634146341463,0.43093902439024395,0.341780487804878,0.7580121951219512,40.75609756097561,10.512195121951219,30.24390243902439,18.841463414634145,13.451219512195122,7.524390243902439,4.865853658536586,20.51219512195122,91.65128205128205
2010-11,1610612750,Minnesota Timberwolves,82,17,65,0.2073170731707317,101.07317073170732,107.70731707317073,-6.634146341463414,0.44120731707317074,0.37491463414634146,0.7709634146341463,44.40243902439025,13.231707317073171,31.170731707317074,20.121951219512194,17.048780487804876,7.219512195121951,5.146341463414634,22.25609756097561,100.80512820512821
2010-11,1610612751,New Jersey Nets,82,24,58,0.2926829268292683,94.17073170731707,100.41463414634147,-6.2439024390243905,0.4416463414634147,0.3447195121951219,0.7630975609756098,40.84146341463415,11.085365853658537,29.75609756097561,21.01219512195122,14.048780487804878,5.585365853658536,4.682926829268292,22.036585365853657,94.08974358974359
2010-11,1610612752,New York Knicks,86,42,44,0.4883720930232558,105.77906976744185,105.43023255813954,0.3488372093023256,0.45530232558139533,0.36496511627906975,0.8053023255813954,40.45348837209303,10.523255813953488,29.930232558139537,21.209302325581394,13.767441860465116,7.569767441860465,5.837209302325581,21.13953488372093,106.2560975609756
2010-11,1610612753,Orlando Magic,88,54,34,0.6136363636363636,98.48863636363636,93.27272727272727,5.215909090909091,0.45782954545454546,0.35427272727272724,0.7019431818181818,43.14772727272727,10.625,32.52272727272727,19.579545454545453,14.784090909090908,6.670454545454546,4.636363636363637,20.102272727272727,98.6547619047619
2010-11,1610612754,Indiana Pacers,87,38,49,0.4367816091954023,99.24137931034483,100.67816091954023,-1.4367816091954022,0.44209195402298856,0.34997701149425287,0.7783563218390804,43.252873563218394,11.25287356321839,32.0,19.436781609195403,15.379310344827585,7.183908045977011,5.563218390804598,21.804597701149426,99.44096385542169
2010-11,1610612755,Philadelphia 76ers,87,42,45,0.4827586206896552,98.29885057471265,97.3103448275862,0.9885057471264368,0.45980459770114945,0.3532068965517241,0.7704942528735632,41.735632183908045,10.379310344827585,31.35632183908046,22.563218390804597,12.827586206896552,7.505747126436781,4.287356321839081,19.471264367816094,98.64819277108434
2010-11,1610612756,Phoenix Suns,82,40,42,0.4878048780487805,105.01219512195122,105.90243902439025,-0.8902439024390244,0.47131707317073174,0.3692682926829268,0.7637195121951219,40.23170731707317,10.012195121951219,30.21951219512195,23.71951219512195,14.25609756097561,6.646341463414634,4.353658536585366,20.317073170731707,104.94615384615385
2010-11,1610612757,Portland Trail Blazers,88,50,38,0.5681818181818182,95.73863636363636,94.67045454545455,1.0681818181818181,0.4495454545454546,0.3436818181818182,0.7965113636363637,39.22727272727273,11.943181818181818,27.28409090909091,20.886363636363637,12.943181818181818,7.886363636363637,4.420454545454546,19.431818181818183,95.74761904761905
2010-11,1610612758,Sacramento Kings,82,24,58,0.2926829268292683,99.40243902439025,104.7439024390244,-5.341463414634147,0.4498780487804878,0.3352317073170732,0.7286219512195122,43.86585365853659,13.060975609756097,30.804878048780488,20.426829268292682,16.146341463414632,7.414634146341464,4.7682926829268295,22.01219512195122,98.94871794871794
2010-11,1610612759,San Antonio Spurs,88,63,25,0.7159090909090909,103.04545454545455,97.94318181818181,5.1022727272727275,0.4738181818181818,0.38870454545454547,0.7617045454545455,41.84090909090909,10.113636363636363,31.727272727272727,22.079545454545453,13.488636363636363,7.340909090909091,4.625,19.147727272727273,103.14761904761905
2010-11,1610612760,Oklahoma City Thunder,99,64,35,0.6464646464646465,104.42424242424242,100.95959595959596,3.4646464646464645,0.46245454545454545,0.3445151515151515,0.8208787878787879,43.313131313131315,11.363636363636363,31.949494949494948,19.91919191919192,14.323232323232324,7.777777777777778,6.222222222222222,22.838383838383837,104.5936842105263
2010-11,1610612761,Toronto Raptors,82,22,60,0.2682926829268293,99.07317073170732,105.35365853658537,-6.280487804878049,0.46708536585365856,0.30841463414634146,0.7534878048780488,40.31707317073171,11.74390243902439,28.573170731707318,21.890243902439025,14.707317073170731,7.085365853658536,4.2682926829268295,22.036585365853657,99.37435897435897
2010-11,1610612762,Utah Jazz,82,39,43,0.47560975609756095,99.42682926829268,101.2560975609756,-1.829268292682927,0.46553658536585363,0.33420731707317075,0.7708658536585365,39.46341463414634,10.951219512195122,28.51219512195122,23.426829268292682,14.329268292682928,7.670731707317073,5.902439024390244,22.74390243902439,99.42820512820512
2010-11,1610612763,Memphis Grizzlies,95,53,42,0.5578947368421052,99.7578947368421,97.83157894736843,1.9263157894736842,0.4673263157894737,0.32793684210526314,0.7505473684210527,41.27368421052632,11.91578947368421,29.357894736842105,20.378947368421052,13.842105263157896,9.210526315789474,5.463157894736842,21.178947368421053,99.91428571428573
2010-11,1610612764,Washington Wizards,82,23,59,0.2804878048780488,97.28048780487805,104.6829268292683,-7.402439024390244,0.4429024390243902,0.3264146341463415,0.7414146341463415,41.30487804878049,12.353658536585366,28.951219512195124,19.414634146341463,15.341463414634147,8.109756097560975,6.121951219512195,22.5609756097561,97.35897435897436
2010-11,1610612765,Detroit Pistons,82,30,52,0.36585365853658536,96.96341463414635,100.5609756097561,-3.597560975609756,0.4603658536585366,0.3700731707317073,0.7409268292682927,38.6219512195122,11.353658536585366,27.26829268292683,21.097560975609756,13.012195121951219,7.2560975609756095,4.0,19.865853658536587,96.74358974358974
2010-11,1610612766,Charlotte Bobcats,82,34,48,0.4146341463414634,93.29268292682927,97.29268292682927,-4.0,0.45212195121951215,0.31958536585365854,0.7552926829268293,40.146341463414636,10.341463414634147,29.804878048780488,21.073170731707318,14.536585365853659,6.390243902439025,5.280487804878049,19.963414634146343,93.17435897435898
2011-12,1610612737,Atlanta Hawks,72,42,30,0.5833333333333334,95.38888888888889,92.625,2.763888888888889,0.4503194444444445,0.3675277777777778,0.7527638888888889,41.291666666666664,9.88888888888889,31.40277777777778,22.02777777777778,14.069444444444445,7.902777777777778,4.486111111111111,18.01388888888889,95.38888888888889
2011-12,1610612738,Boston Celtics,86,50,36,0.5813953488372093,91.30232558139535,89.13953488372093,2.1627906976744184,0.45656976744186045,0.3409418604651163,0.7870581395348837,39.03488372093023,7.767441860465116,31.267441860465116,22.709302325581394,14.406976744186046,7.6976744186046515,5.348837209302325,20.325581395348838,91.37906976744186
2011-12,1610612739,Cleveland Cavaliers,66,21,45,0.3181818181818182,93.03030303030303,100.22727272727273,-7.196969696969697,0.4230757575757576,0.3439696969696969,0.7190757575757576,42.27272727272727,12.742424242424242,29.53030303030303,19.818181818181817,15.409090909090908,7.0606060606060606,3.9696969696969697,19.954545454545453,93.51212121212122
2011-12,1610612740,New Orleans Hornets,66,21,45,0.3181818181818182,89.63636363636364,93.39393939393939,-3.757575757575758,0.4528484848484849,0.3362727272727273,0.7605,41.13636363636363,10.969696969696969,30.166666666666668,20.727272727272727,15.515151515151516,7.393939393939394,4.787878787878788,20.060606060606062,89.64848484848486
2011-12,1610612741,Chicago Bulls,72,52,20,0.7222222222222222,95.34722222222223,87.98611111111111,7.361111111111111,0.4500555555555556,0.37329166666666663,0.7121111111111111,46.68055555555556,13.666666666666666,33.013888888888886,23.083333333333332,14.01388888888889,6.763888888888889,5.944444444444445,17.52777777777778,95.52222222222223
2011-12,1610612742,Dallas Mavericks,70,36,34,0.5142857142857142,95.64285714285714,95.11428571428571,0.5285714285714286,0.44132857142857146,0.3427857142857143,0.7746428571428572,42.628571428571426,10.1,32.52857142857143,20.6,14.057142857142857,8.528571428571428,5.014285714285714,18.7,95.90857142857143
2011-12,1610612743,Denver Nuggets,73,41,32,0.5616438356164384,103.41095890410959,100.76712328767124,2.643835616438356,0.4721917808219178,0.32952054794520547,0.7325479452054794,43.52054794520548,11.58904109589041,31.931506849315067,23.65753424657534,14.972602739726028,8.068493150684931,5.178082191780822,19.78082191780822,103.4054794520548
2011-12,1610612744,Golden State Warriors,66,23,43,0.3484848484848485,97.77272727272727,101.18181818181819,-3.409090909090909,0.45849999999999996,0.3798484848484849,0.7697424242424242,39.196969696969695,9.696969696969697,29.5,22.272727272727273,13.863636363636363,8.0,5.484848484848484,21.363636363636363,98.21212121212122
2011-12,1610612745,Houston Rockets,66,34,32,0.5151515151515151,98.0909090909091,97.86363636363636,0.22727272727272727,0.4501969696969697,0.361,0.7797878787878788,42.166666666666664,11.651515151515152,30.515151515151516,21.272727272727273,14.469696969696969,7.515151515151516,4.833333333333333,20.40909090909091,98.54848484848485
2011-12,1610612746,Los Angeles Clippers,77,44,33,0.5714285714285714,96.59740259740259,95.06493506493507,1.5324675324675325,0.45620779220779223,0.3564935064935065,0.6735974025974025,40.883116883116884,11.636363636363637,29.246753246753247,20.454545454545453,13.519480519480519,8.571428571428571,5.025974025974026,21.61038961038961,96.73246753246752
2011-12,1610612747,Los Angeles Lakers,78,46,32,0.5897435897435898,96.7948717948718,96.23076923076923,0.5641025641025641,0.4521282051282051,0.3182051282051282,0.7592948717948718,46.0,12.423076923076923,33.57692307692308,21.935897435897434,14.705128205128204,5.884615384615385,5.6923076923076925,17.243589743589745,96.64871794871796
2011-12,1610612748,Miami Heat,89,62,27,0.6966292134831461,98.19101123595506,91.92134831460675,6.269662921348314,0.467370786516854,0.34839325842696633,0.7647303370786516,41.30337078651685,10.337078651685394,30.96629213483146,19.314606741573034,14.617977528089888,8.460674157303371,5.269662921348314,19.719101123595507,97.88764044943821
2011-12,1610612749,Milwaukee Bucks,66,31,35,0.4696969696969697,99.01515151515152,98.74242424242425,0.2727272727272727,0.4433484848484848,0.33915151515151515,0.7785909090909091,42.46969696969697,12.424242424242424,30.045454545454547,23.484848484848484,14.075757575757576,8.303030303030303,5.075757575757576,19.28787878787879,99.60303030303031
2011-12,1610612750,Minnesota Timberwolves,66,26,40,0.3939393939393939,97.93939393939394,100.13636363636364,-2.196969696969697,0.4338030303030303,0.32899999999999996,0.7723636363636364,43.72727272727273,12.075757575757576,31.651515151515152,19.545454545454547,15.166666666666666,6.606060606060606,4.4393939393939394,18.363636363636363,98.42727272727272
2011-12,1610612751,New Jersey Nets,66,22,44,0.3333333333333333,93.0909090909091,99.07575757575758,-5.984848484848484,0.4258787878787879,0.3351363636363636,0.7817878787878788,40.333333333333336,11.863636363636363,28.46969696969697,19.863636363636363,15.075757575757576,7.46969696969697,3.9393939393939394,19.21212121212121,93.51515151515152
2011-12,1610612752,New York Knicks,71,37,34,0.5211267605633803,96.78873239436619,94.80281690140845,1.9859154929577465,0.44129577464788733,0.325112676056338,0.743,41.647887323943664,11.338028169014084,30.309859154929576,19.591549295774648,16.169014084507044,9.183098591549296,4.042253521126761,21.295774647887324,96.89577464788734
2011-12,1610612753,Orlando Magic,71,38,33,0.5352112676056338,93.43661971830986,93.46478873239437,-0.028169014084507043,0.4375633802816901,0.3713661971830986,0.6608732394366197,42.16901408450704,11.140845070422536,31.028169014084508,19.816901408450704,14.845070422535212,6.774647887323944,4.183098591549296,17.788732394366196,93.46478873239437
2011-12,1610612754,Indiana Pacers,77,48,29,0.6233766233766234,96.74025974025975,93.71428571428571,3.0259740259740258,0.4371168831168831,0.3611558441558442,0.7802207792207791,43.896103896103895,12.493506493506494,31.4025974025974,18.272727272727273,14.168831168831169,7.779220779220779,5.415584415584416,21.714285714285715,96.68831168831169
2011-12,1610612755,Philadelphia 76ers,79,42,37,0.5316455696202531,92.32911392405063,88.9873417721519,3.3417721518987342,0.4427215189873418,0.34360759493670884,0.7379367088607595,42.924050632911396,10.683544303797468,32.24050632911393,21.379746835443036,11.240506329113924,7.9113924050632916,5.177215189873418,17.72151898734177,92.51898734177215
2011-12,1610612756,Phoenix Suns,66,33,33,0.5,98.36363636363636,98.60606060606061,-0.24242424242424243,0.45928787878787874,0.34295454545454546,0.7597878787878788,41.696969696969695,10.863636363636363,30.833333333333332,22.515151515151516,14.06060606060606,6.53030303030303,5.545454545454546,18.681818181818183,98.7
2011-12,1610612757,Portland Trail Blazers,66,28,38,0.42424242424242425,97.1969696969697,97.81818181818181,-0.6212121212121212,0.4435454545454546,0.3428333333333333,0.7946969696969698,40.666666666666664,11.136363636363637,29.53030303030303,20.439393939393938,14.166666666666666,8.0,4.878787878787879,18.954545454545453,97.14545454545456
2011-12,1610612758,Sacramento Kings,66,22,44,0.3333333333333333,98.75757575757575,104.43939393939394,-5.681818181818182,0.4366060606060606,0.31166666666666665,0.7426666666666666,42.86363636363637,13.363636363636363,29.5,19.257575757575758,14.424242424242424,8.5,4.893939393939394,19.5,98.66666666666667
2011-12,1610612759,San Antonio Spurs,80,60,20,0.75,103.3625,96.4125,6.95,0.479675,0.3994,0.7384000000000001,42.5625,10.05,32.5125,23.1,13.6875,7.2625,4.475,17.85,103.26500000000001
2011-12,1610612760,Oklahoma City Thunder,86,60,26,0.6976744186046512,102.63953488372093,97.01162790697674,5.627906976744186,0.4704883720930233,0.3595813953488372,0.8103953488372093,42.76744186046512,10.604651162790697,32.16279069767442,18.41860465116279,15.232558139534884,7.8023255813953485,7.8604651162790695,20.930232558139537,102.62790697674419
2011-12,1610612761,Toronto Raptors,66,23,43,0.3484848484848485,90.6969696969697,94.0,-3.303030303030303,0.44107575757575757,0.33206060606060606,0.7615,41.984848484848484,10.56060606060606,31.424242424242426,20.939393939393938,15.166666666666666,6.5,4.863636363636363,23.21212121212121,90.68787878787879
2011-12,1610612762,Utah Jazz,70,36,34,0.5142857142857142,98.88571428571429,99.21428571428571,-0.32857142857142857,0.45385714285714285,0.3109428571428572,0.7527285714285714,44.42857142857143,13.214285714285714,31.214285714285715,21.514285714285716,14.142857142857142,8.157142857142857,5.885714285714286,21.742857142857144,99.28
2011-12,1610612763,Memphis Grizzlies,73,44,29,0.6027397260273972,94.64383561643835,92.75342465753425,1.8904109589041096,0.44621917808219175,0.3163150684931507,0.7577397260273973,42.10958904109589,12.67123287671233,29.438356164383563,19.232876712328768,14.561643835616438,9.32876712328767,5.191780821917808,20.26027397260274,94.84383561643835
2011-12,1610612764,Washington Wizards,66,20,46,0.30303030303030304,93.63636363636364,98.43939393939394,-4.803030303030303,0.44181818181818183,0.31093939393939396,0.7349090909090908,41.666666666666664,11.742424242424242,29.924242424242426,19.12121212121212,15.272727272727273,7.984848484848484,6.318181818181818,21.28787878787879,93.5848484848485
2011-12,1610612765,Detroit Pistons,66,25,41,0.3787878787878788,90.86363636363636,95.65151515151516,-4.787878787878788,0.4395,0.3346969696969697,0.7592878787878787,40.25757575757576,11.742424242424242,28.515151515151516,18.666666666666668,15.651515151515152,6.96969696969697,4.212121212121212,19.59090909090909,91.16060606060607
2011-12,1610612766,Charlotte Bobcats,66,7,59,0.10606060606060606,86.95454545454545,100.86363636363636,-13.909090909090908,0.4151666666666667,0.28774242424242424,0.7427575757575757,38.95454545454545,10.257575757575758,28.696969696969695,20.09090909090909,14.5,6.015151515151516,5.46969696969697,18.924242424242426,87.4060606060606
2012-13,1610612737,Atlanta Hawks,88,46,42,0.5227272727272727,97.36363636363636,97.3409090909091,0.022727272727272728,0.4626818181818182,0.3694545454545455,0.7055454545454546,40.69318181818182,9.181818181818182,31.511363636363637,24.113636363636363,14.681818181818182,8.045454545454545,4.454545454545454,18.386363636363637,97.33636363636364
2012-13,1610612738,Boston Celtics,87,43,44,0.4942528735632184,95.54022988505747,96.11494252873563,-0.5747126436781609,0.46265517241379306,0.357816091954023,0.7829195402298851,39.32183908045977,7.873563218390805,31.448275862068964,22.344827586206897,14.770114942528735,8.045977011494253,4.402298850574713,21.03448275862069,95.54942528735631
2012-13,1610612739,Cleveland Cavaliers,82,24,58,0.2926829268292683,96.5,101.1829268292683,-4.682926829268292,0.4348292682926829,0.34402439024390247,0.7553536585365853,41.01219512195122,12.24390243902439,28.76829268292683,20.658536585365855,14.012195121951219,7.890243902439025,4.073170731707317,21.182926829268293,96.33658536585367
2012-13,1610612740,New Orleans Hornets,82,27,55,0.32926829268292684,94.07317073170732,97.9390243902439,-3.8658536585365852,0.448890243902439,0.35834146341463413,0.7798414634146342,41.63414634146341,12.048780487804878,29.585365853658537,20.98780487804878,14.548780487804878,6.341463414634147,5.365853658536586,20.402439024390244,93.94390243902438
2012-13,1610612741,Chicago Bulls,94,50,44,0.5319148936170213,93.02127659574468,93.59574468085107,-0.574468085106383,0.438063829787234,0.34547872340425534,0.767840425531915,42.861702127659576,12.414893617021276,30.4468085106383,22.5531914893617,14.27659574468085,7.074468085106383,5.0212765957446805,20.06382978723404,92.9276595744681
2012-13,1610612742,Dallas Mavericks,82,41,41,0.5,101.13414634146342,101.73170731707317,-0.5975609756097561,0.4626707317073171,0.36609756097560975,0.7919634146341463,41.91463414634146,9.353658536585366,32.5609756097561,23.24390243902439,13.951219512195122,7.902439024390244,5.536585365853658,20.70731707317073,100.91951219512195
2012-13,1610612743,Denver Nuggets,88,59,29,0.6704545454545454,105.93181818181819,101.47727272727273,4.454545454545454,0.477125,0.3397386363636363,0.700659090909091,44.60227272727273,13.215909090909092,31.386363636363637,24.193181818181817,15.227272727272727,9.272727272727273,6.25,20.693181818181817,105.92272727272729
2012-13,1610612744,Golden State Warriors,94,53,41,0.5638297872340425,101.36170212765957,100.56382978723404,0.7978723404255319,0.45922340425531916,0.3979148936170213,0.7850319148936171,45.09574468085106,10.882978723404255,34.212765957446805,22.393617021276597,15.25531914893617,6.851063829787234,4.308510638297872,21.680851063829788,101.45106382978723
2012-13,1610612745,Houston Rockets,88,47,41,0.5340909090909091,105.54545454545455,102.70454545454545,2.840909090909091,0.4587727272727273,0.36489772727272723,0.7525113636363637,43.43181818181818,11.068181818181818,32.36363636363637,22.84090909090909,16.397727272727273,8.113636363636363,4.454545454545454,20.46590909090909,105.29318181818181
2012-13,1610612746,Los Angeles Clippers,88,58,30,0.6590909090909091,100.64772727272727,95.01136363636364,5.636363636363637,0.4771590909090909,0.35050000000000003,0.72225,41.31818181818182,11.261363636363637,30.056818181818183,23.477272727272727,14.511363636363637,9.261363636363637,5.625,21.397727272727273,100.5909090909091
2012-13,1610612747,Los Angeles Lakers,86,45,41,0.5232558139534884,101.4186046511628,101.18604651162791,0.23255813953488372,0.45881395348837206,0.34930232558139535,0.691593023255814,44.58139534883721,11.348837209302326,33.23255813953488,22.0,15.093023255813954,6.965116279069767,5.232558139534884,17.872093023255815,101.59767441860464
2012-13,1610612748,Miami Heat,105,82,23,0.780952380952381,101.61904761904762,94.06666666666666,7.552380952380952,0.490752380952381,0.3918190476190476,0.7582285714285715,38.49523809523809,8.561904761904762,29.933333333333334,22.504761904761907,13.752380952380953,8.58095238095238,5.390476190476191,19.457142857142856,101.75619047619047
2012-13,1610612749,Milwaukee Bucks,86,38,48,0.4418604651162791,98.24418604651163,100.36046511627907,-2.116279069767442,0.4356627906976744,0.3512209302325581,0.7303604651162791,43.53488372093023,12.825581395348838,30.709302325581394,22.732558139534884,14.19767441860465,8.430232558139535,6.511627906976744,18.988372093023255,98.24651162790698
2012-13,1610612750,Minnesota Timberwolves,82,31,51,0.3780487804878049,95.7439024390244,98.10975609756098,-2.3658536585365852,0.440890243902439,0.30060975609756097,0.7429878048780487,42.02439024390244,11.865853658536585,30.158536585365855,22.390243902439025,14.804878048780488,8.536585365853659,4.719512195121951,18.402439024390244,95.63658536585366
2012-13,1610612751,Brooklyn Nets,89,52,37,0.5842696629213483,97.07865168539325,95.28089887640449,1.797752808988764,0.4493370786516854,0.35375280898876404,0.736438202247191,42.71910112359551,12.685393258426966,30.03370786516854,20.303370786516854,14.460674157303371,7.224719101123595,4.831460674157303,18.415730337078653,96.98823529411764
2012-13,1610612752,New York Knicks,94,60,34,0.6382978723404256,98.5,94.46808510638297,4.031914893617022,0.4443404255319149,0.3692446808510639,0.7577978723404256,40.42553191489362,10.829787234042554,29.595744680851062,18.72340425531915,11.98936170212766,8.27659574468085,3.6702127659574466,20.585106382978722,98.48085106382979
2012-13,1610612753,Orlando Magic,82,20,62,0.24390243902439024,94.1219512195122,101.10975609756098,-6.987804878048781,0.4485,0.32241463414634147,0.7605487804878049,42.707317073170735,10.853658536585366,31.853658536585368,22.817073170731707,14.524390243902438,6.439024390243903,4.365853658536586,19.402439024390244,94.01951219512196
2012-13,1610612754,Indiana Pacers,100,60,40,0.6,94.18,90.89,3.29,0.43712,0.3468,0.74669,45.81,12.85,32.96,19.77,15.39,6.83,5.98,20.49,94.314
2012-13,1610612755,Philadelphia 76ers,82,34,48,0.4146341463414634,93.17073170731707,96.51219512195122,-3.341463414634146,0.44452439024390245,0.3585609756097561,0.7236341463414634,41.329268292682926,10.926829268292684,30.402439024390244,22.76829268292683,13.048780487804878,7.426829268292683,4.682926829268292,18.353658536585368,92.69756097560975
2012-13,1610612756,Phoenix Suns,82,25,57,0.3048780487804878,95.1829268292683,101.64634146341463,-6.463414634146342,0.4436219512195122,0.3283170731707317,0.7455975609756098,41.6219512195122,11.695121951219512,29.926829268292682,22.621951219512194,15.585365853658537,8.036585365853659,5.2926829268292686,20.585365853658537,95.08048780487805
2012-13,1610612757,Portland Trail Blazers,82,33,49,0.4024390243902439,97.5,100.67073170731707,-3.1707317073170733,0.44876829268292684,0.351390243902439,0.7747560975609756,40.829268292682926,10.658536585365853,30.170731707317074,21.75609756097561,14.670731707317072,6.560975609756097,4.304878048780488,18.51219512195122,97.55121951219512
2012-13,1610612758,Sacramento Kings,82,28,54,0.34146341463414637,100.23170731707317,105.10975609756098,-4.878048780487805,0.4480487804878049,0.35804878048780486,0.7655853658536586,40.58536585365854,11.5,29.085365853658537,20.829268292682926,14.621951219512194,8.182926829268293,4.170731707317073,20.9390243902439,100.43658536585365
2012-13,1610612759,San Antonio Spurs,103,73,30,0.7087378640776699,102.47572815533981,95.95145631067962,6.524271844660194,0.4790097087378641,0.37601941747572815,0.7838932038834951,41.56310679611651,8.446601941747574,33.116504854368934,24.436893203883496,14.330097087378642,8.349514563106796,5.359223300970874,17.74757281553398,102.51456310679612
2012-13,1610612760,Oklahoma City Thunder,93,65,28,0.6989247311827957,104.86021505376344,96.58064516129032,8.279569892473118,0.47509677419354834,0.373763440860215,0.83,43.55913978494624,10.344086021505376,33.215053763440864,20.989247311827956,15.086021505376344,8.010752688172044,7.537634408602151,20.731182795698924,105.07956989247312
2012-13,1610612761,Toronto Raptors,82,34,48,0.4146341463414634,97.20731707317073,98.6829268292683,-1.475609756097561,0.4457926829268293,0.3365487804878049,0.7853048780487805,40.207317073170735,10.621951219512194,29.585365853658537,21.524390243902438,13.707317073170731,7.2560975609756095,4.780487804878049,22.390243902439025,96.6951219512195
2012-13,1610612762,Utah Jazz,82,43,39,0.524390243902439,98.02439024390245,98.10975609756098,-0.08536585365853659,0.45460975609756094,0.35817073170731706,0.7592317073170731,42.02439024390244,12.060975609756097,29.963414634146343,22.670731707317074,14.75609756097561,8.414634146341463,6.280487804878049,21.341463414634145,97.99756097560976
2012-13,1610612763,Memphis Grizzlies,97,64,33,0.6597938144329897,93.5979381443299,90.0,3.597938144329897,0.4421443298969072,0.3378247422680412,0.7664432989690722,42.577319587628864,12.731958762886597,29.84536082474227,20.670103092783506,13.45360824742268,8.371134020618557,5.206185567010309,20.536082474226806,93.50515463917526
2012-13,1610612764,Washington Wizards,82,29,53,0.35365853658536583,93.21951219512195,95.7560975609756,-2.5365853658536586,0.4360487804878049,0.3664756097560976,0.7402560975609757,43.15853658536585,10.817073170731707,32.34146341463415,21.646341463414632,15.097560975609756,7.2926829268292686,4.585365853658536,20.5,93.34390243902439
2012-13,1610612765,Detroit Pistons,82,29,53,0.35365853658536583,94.85365853658537,98.84146341463415,-3.9878048780487805,0.450829268292683,0.35342682926829266,0.7015731707317072,42.1219512195122,12.085365853658537,30.036585365853657,21.24390243902439,15.134146341463415,7.0,4.878048780487805,19.79268292682927,94.59756097560975
2012-13,1610612766,Charlotte Bobcats,82,21,61,0.25609756097560976,93.42682926829268,102.65853658536585,-9.231707317073171,0.42534146341463414,0.3338536585365854,0.7539024390243902,40.31707317073171,11.182926829268293,29.134146341463413,19.353658536585368,14.060975609756097,7.2073170731707314,5.841463414634147,19.036585365853657,93.0219512195122
2013-14,1610612737,Atlanta Hawks,89,41,48,0.4606741573033708,100.32584269662921,100.84269662921348,-0.5168539325842697,0.45312359550561804,0.3593932584269663,0.7869662921348315,39.92134831460674,8.730337078651685,31.191011235955056,24.258426966292134,15.123595505617978,8.157303370786517,4.022471910112359,19.359550561797754,100.21123595505617
2013-14,1610612738,Boston Celtics,82,25,57,0.3048780487804878,96.2439024390244,100.70731707317073,-4.463414634146342,0.43700000000000006,0.3271707317073171,0.7854146341463414,42.5,11.951219512195122,30.548780487804876,21.048780487804876,15.378048780487806,7.121951219512195,4.182926829268292,21.25609756097561,95.77073170731707
2013-14,1610612739,Cleveland Cavaliers,82,33,49,0.4024390243902439,98.21951219512195,101.51219512195122,-3.292682926829268,0.437780487804878,0.35476829268292687,0.7495,44.1219512195122,12.060975609756097,32.0609756097561,21.195121951219512,14.182926829268293,7.060975609756097,3.707317073170732,20.0,97.76829268292683
2013-14,1610612740,New Orleans Pelicans,82,34,48,0.4146341463414634,99.71951219512195,102.42682926829268,-2.707317073170732,0.4602682926829268,0.3725,0.7717682926829269,41.69512195121951,11.378048780487806,30.317073170731707,21.28048780487805,13.768292682926829,7.890243902439025,6.378048780487805,22.646341463414632,99.8
2013-14,1610612741,Chicago Bulls,87,49,38,0.5632183908045977,93.44827586206897,91.96551724137932,1.4827586206896552,0.4326666666666667,0.3454137931034483,0.7802873563218391,44.01149425287356,11.471264367816092,32.54022988505747,22.54022988505747,14.816091954022989,7.114942528735632,5.126436781609195,19.25287356321839,93.40919540229885
2013-14,1610612742,Dallas Mavericks,89,52,37,0.5842696629213483,104.5505617977528,102.49438202247191,2.056179775280899,0.47288764044943826,0.3813258426966292,0.7884606741573034,40.8876404494382,10.359550561797754,30.528089887640448,23.247191011235955,13.370786516853933,8.426966292134832,4.325842696629214,19.97752808988764,104.5303370786517
2013-14,1610612743,Denver Nuggets,82,36,46,0.43902439024390244,104.3780487804878,106.52439024390245,-2.1463414634146343,0.44745121951219513,0.3571951219512195,0.7271097560975609,45.4390243902439,12.304878048780488,33.13414634146341,22.414634146341463,15.914634146341463,7.5,5.597560975609756,23.048780487804876,104.17804878048781
2013-14,1610612744,Golden State Warriors,89,54,35,0.6067415730337079,104.42696629213484,100.34831460674157,4.078651685393258,0.4624269662921348,0.3775280898876405,0.7537415730337078,45.10112359550562,11.101123595505618,34.0,23.40449438202247,15.370786516853933,7.764044943820225,4.932584269662922,22.03370786516854,103.93033707865168
2013-14,1610612745,Houston Rockets,88,56,32,0.6363636363636364,107.9659090909091,103.69318181818181,4.2727272727272725,0.47177272727272723,0.3537045454545455,0.716875,45.59090909090909,11.590909090909092,34.0,21.193181818181817,15.977272727272727,7.465909090909091,5.579545454545454,20.818181818181817,107.80909090909091
2013-14,1610612746,Los Angeles Clippers,95,63,32,0.6631578947368421,108.0421052631579,101.74736842105263,6.294736842105263,0.4736421052631579,0.35153684210526315,0.7307368421052631,42.55789473684211,10.589473684210526,31.96842105263158,24.48421052631579,13.68421052631579,8.68421052631579,4.778947368421052,21.926315789473684,107.89263157894736
2013-14,1610612747,Los Angeles Lakers,82,27,55,0.32926829268292684,102.95121951219512,109.2439024390244,-6.2926829268292686,0.4509268292682927,0.3770731707317073,0.7579512195121951,41.03658536585366,9.085365853658537,31.951219512195124,24.463414634146343,15.109756097560975,7.451219512195122,5.439024390243903,19.841463414634145,102.39512195121951
2013-14,1610612748,Miami Heat,102,67,35,0.6568627450980392,101.22549019607843,97.05882352941177,4.166666666666667,0.49976470588235294,0.37103921568627446,0.7662352941176471,36.31372549019608,7.313725490196078,29.0,21.686274509803923,14.264705882352942,8.617647058823529,4.352941176470588,19.705882352941178,101.45686274509804
2013-14,1610612749,Milwaukee Bucks,82,15,67,0.18292682926829268,95.47560975609755,103.65853658536585,-8.182926829268293,0.439829268292683,0.3565243902439024,0.7448536585365854,41.09756097560975,11.841463414634147,29.25609756097561,21.463414634146343,15.097560975609756,6.597560975609756,4.914634146341464,20.890243902439025,95.05365853658536
2013-14,1610612750,Minnesota Timberwolves,82,40,42,0.4878048780487805,106.92682926829268,104.2560975609756,2.6707317073170733,0.4458658536585366,0.3382195121951219,0.7811341463414634,44.73170731707317,12.487804878048781,32.24390243902439,23.9390243902439,13.926829268292684,8.75609756097561,3.6219512195121952,18.341463414634145,106.39999999999999
2013-14,1610612751,Brooklyn Nets,94,49,45,0.5212765957446809,98.13829787234043,99.18085106382979,-1.0425531914893618,0.4601170212765957,0.3586808510638298,0.751063829787234,38.1063829787234,8.946808510638299,29.159574468085108,20.574468085106382,14.23404255319149,8.382978723404255,3.6702127659574466,21.75531914893617,98.2595744680851
2013-14,1610612752,New York Knicks,82,37,45,0.45121951219512196,98.58536585365853,99.3780487804878,-0.7926829268292683,0.450609756097561,0.3689390243902439,0.7599268292682927,40.329268292682926,10.609756097560975,29.71951219512195,20.01219512195122,12.963414634146341,7.695121951219512,4.475609756097561,22.134146341463413,98.27073170731707
2013-14,1610612753,Orlando Magic,82,23,59,0.2804878048780488,96.51219512195122,101.95121951219512,-5.439024390243903,0.4460243902439024,0.35365853658536583,0.7645243902439025,42.048780487804876,9.682926829268293,32.36585365853659,21.048780487804876,14.902439024390244,7.682926829268292,4.2682926829268295,20.463414634146343,96.56585365853658
2013-14,1610612754,Indiana Pacers,101,66,35,0.6534653465346535,95.77227722772277,92.38613861386139,3.386138613861386,0.4506930693069307,0.35955445544554454,0.7674356435643563,43.71287128712871,9.801980198019802,33.91089108910891,19.88118811881188,14.801980198019802,6.772277227722772,5.207920792079208,20.485148514851485,95.61386138613861
2013-14,1610612755,Philadelphia 76ers,82,19,63,0.23170731707317074,99.45121951219512,109.90243902439025,-10.451219512195122,0.43674390243902445,0.3126951219512195,0.7074634146341463,42.74390243902439,11.573170731707316,31.170731707317074,21.841463414634145,16.878048780487806,9.329268292682928,4.024390243902439,22.48780487804878,99.34878048780489
2013-14,1610612756,Phoenix Suns,82,48,34,0.5853658536585366,105.23170731707317,102.59756097560975,2.6341463414634148,0.46498780487804875,0.37558536585365854,0.7515487804878049,43.03658536585366,11.317073170731707,31.71951219512195,19.0609756097561,15.341463414634147,8.390243902439025,4.560975609756097,21.926829268292682,105.34878048780489
2013-14,1610612757,Portland Trail Blazers,93,59,34,0.6344086021505376,106.45161290322581,103.6774193548387,2.774193548387097,0.44861290322580644,0.36726881720430105,0.8141505376344086,46.17204301075269,12.376344086021506,33.795698924731184,22.548387096774192,13.731182795698924,5.580645161290323,4.870967741935484,19.612903225806452,106.3462365591398
2013-14,1610612758,Sacramento Kings,82,28,54,0.34146341463414637,100.5,103.40243902439025,-2.902439024390244,0.44847560975609757,0.32820731707317075,0.7583780487804878,44.46341463414634,12.073170731707316,32.390243902439025,18.865853658536587,15.231707317073171,7.158536585365853,3.8780487804878048,22.548780487804876,100.50731707317074
2013-14,1610612759,San Antonio Spurs,105,78,27,0.7428571428571429,105.57142857142857,97.5047619047619,8.066666666666666,0.4889904761904762,0.3996380952380953,0.7761142857142858,43.0,9.323809523809524,33.67619047619048,24.523809523809526,13.99047619047619,7.533333333333333,4.761904761904762,18.580952380952382,105.4152380952381
2013-14,1610612760,Oklahoma City Thunder,101,69,32,0.6831683168316832,105.46534653465346,100.51485148514851,4.9504950495049505,0.46860396039603963,0.35727722772277226,0.8043069306930694,44.82178217821782,10.881188118811881,33.94059405940594,21.386138613861387,15.277227722772277,7.900990099009901,6.128712871287129,22.722772277227723,105.20990099009902
2013-14,1610612761,Toronto Raptors,89,51,38,0.5730337078651685,100.87640449438203,98.01123595505618,2.865168539325843,0.44656179775280896,0.36494382022471905,0.7844719101123595,42.46067415730337,11.303370786516854,31.15730337078652,20.910112359550563,14.224719101123595,6.921348314606742,4.089887640449438,23.179775280898877,101.10112359550561
2013-14,1610612762,Utah Jazz,82,25,57,0.3048780487804878,95.01219512195122,102.1829268292683,-7.170731707317073,0.44449999999999995,0.3440731707317073,0.747780487804878,41.23170731707317,11.024390243902438,30.20731707317073,20.29268292682927,14.634146341463415,6.951219512195122,4.463414634146342,20.71951219512195,94.32682926829268
2013-14,1610612763,Memphis Grizzlies,89,53,36,0.5955056179775281,96.19101123595506,95.1685393258427,1.0224719101123596,0.4615056179775281,0.3467977528089888,0.735876404494382,42.41573033707865,11.685393258426966,30.730337078651687,21.84269662921348,13.50561797752809,7.797752808988764,4.404494382022472,19.258426966292134,95.98202247191011
2013-14,1610612764,Washington Wizards,93,50,43,0.5376344086021505,99.44086021505376,98.21505376344086,1.2258064516129032,0.4573225806451613,0.371258064516129,0.7254838709677419,42.505376344086024,10.913978494623656,31.591397849462364,22.838709677419356,14.46236559139785,8.064516129032258,4.720430107526882,20.64516129032258,99.58709677419355
2013-14,1610612765,Detroit Pistons,82,29,53,0.35365853658536583,101.04878048780488,104.70731707317073,-3.658536585365854,0.44726829268292684,0.31246341463414634,0.6686341463414635,45.3780487804878,14.585365853658537,30.79268292682927,20.902439024390244,14.548780487804878,8.378048780487806,4.817073170731708,20.317073170731707,101.04634146341462
2013-14,1610612766,Charlotte Bobcats,86,43,43,0.5,96.62790697674419,97.29069767441861,-0.6627906976744186,0.4436976744186047,0.3505232558139535,0.7374069767441861,42.54651162790697,9.406976744186046,33.13953488372093,21.593023255813954,12.44186046511628,6.0,5.104651162790698,18.302325581395348,96.84186046511627
2014-15,1610612737,Atlanta Hawks,98,68,30,0.6938775510204082,101.8061224489796,97.29591836734694,4.510204081632653,0.46138775510204083,0.3694081632653061,0.7761326530612244,41.07142857142857,8.89795918367347,32.173469387755105,25.428571428571427,13.979591836734693,8.979591836734693,4.683673469387755,18.081632653061224,101.7
2014-15,1610612738,Boston Celtics,86,40,46,0.46511627906976744,101.05813953488372,101.33720930232558,-0.27906976744186046,0.4432325581395349,0.3229883720930233,0.7586162790697675,43.69767441860465,11.046511627906977,32.651162790697676,24.290697674418606,13.80232558139535,8.081395348837209,3.5930232558139537,21.453488372093023,101.33953488372094
2014-15,1610612739,Cleveland Cavaliers,102,67,35,0.6568627450980392,102.32352941176471,97.94117647058823,4.382352941176471,0.45135294117647057,0.35883333333333334,0.7449803921568627,43.77450980392157,11.333333333333334,32.44117647058823,21.313725490196077,14.019607843137255,7.147058823529412,4.578431372549019,18.901960784313726,102.68823529411766
2014-15,1610612740,New Orleans Pelicans,86,45,41,0.5232558139534884,99.4186046511628,99.03488372093024,0.38372093023255816,0.45809302325581397,0.3690116279069767,0.7515581395348837,43.383720930232556,11.453488372093023,31.930232558139537,22.08139534883721,13.267441860465116,6.77906976744186,6.1976744186046515,18.8953488372093,99.42558139534884
2014-15,1610612741,Chicago Bulls,94,56,38,0.5957446808510638,100.18085106382979,97.12765957446808,3.0531914893617023,0.4402553191489362,0.356,0.7815106382978724,45.702127659574465,11.691489361702128,34.01063829787234,21.77659574468085,13.96808510638298,6.382978723404255,5.904255319148936,18.30851063829787,100.13829787234043
2014-15,1610612742,Dallas Mavericks,87,51,36,0.5862068965517241,105.49425287356321,103.0,2.4942528735632186,0.46288505747126435,0.34683908045977013,0.7559655172413794,42.5632183908046,10.64367816091954,31.919540229885058,22.436781609195403,13.022988505747126,8.022988505747126,4.528735632183908,20.45977011494253,105.31954022988505
2014-15,1610612743,Denver Nuggets,82,30,52,0.36585365853658536,101.46341463414635,105.01219512195122,-3.548780487804878,0.43443902439024396,0.32702439024390245,0.7328048780487806,44.69512195121951,12.341463414634147,32.353658536585364,21.804878048780488,14.21951219512195,7.817073170731708,4.475609756097561,22.951219512195124,101.13414634146342
2014-15,1610612744,Golden State Warriors,103,83,20,0.8058252427184466,108.59223300970874,98.96116504854369,9.631067961165048,0.4742815533980582,0.3930679611650485,0.7535728155339806,44.90291262135922,10.640776699029127,34.262135922330096,26.825242718446603,14.485436893203884,9.029126213592233,5.990291262135922,20.37864077669903,108.74563106796116
2014-15,1610612745,Houston Rockets,99,65,34,0.6565656565656566,104.65656565656566,102.23232323232324,2.4242424242424243,0.4452121212121212,0.3472323232323232,0.7061818181818182,44.03030303030303,11.545454545454545,32.484848484848484,22.141414141414142,16.454545454545453,9.282828282828282,5.05050505050505,22.232323232323232,104.8080808080808
2014-15,1610612746,Los Angeles Clippers,96,63,33,0.65625,106.875,101.05208333333333,5.822916666666667,0.4726875,0.3648541666666667,0.7071041666666668,42.916666666666664,9.572916666666666,33.34375,24.4375,12.458333333333334,7.916666666666667,5.114583333333333,21.833333333333332,106.79791666666667
2014-15,1610612747,Los Angeles Lakers,82,21,61,0.25609756097560976,98.45121951219512,105.29268292682927,-6.841463414634147,0.43564634146341463,0.340280487804878,0.7386829268292683,43.890243902439025,11.609756097560975,32.28048780487805,20.914634146341463,13.24390243902439,7.048780487804878,4.463414634146342,21.23170731707317,98.68048780487806
2014-15,1610612748,Miami Heat,82,37,45,0.45121951219512196,94.6829268292683,97.28048780487805,-2.597560975609756,0.45670731707317075,0.33585365853658533,0.7419878048780487,39.1219512195122,9.109756097560975,30.01219512195122,19.829268292682926,14.804878048780488,7.829268292682927,4.536585365853658,19.951219512195124,94.39512195121951
2014-15,1610612749,Milwaukee Bucks,88,43,45,0.48863636363636365,97.20454545454545,97.64772727272727,-0.4431818181818182,0.4556363636363636,0.3594318181818182,0.7507045454545455,42.18181818181818,10.784090909090908,31.397727272727273,23.34090909090909,16.5,9.704545454545455,5.034090909090909,22.056818181818183,97.60681818181818
2014-15,1610612750,Minnesota Timberwolves,82,16,66,0.1951219512195122,97.7560975609756,106.54878048780488,-8.792682926829269,0.4387073170731708,0.32521951219512196,0.7735853658536586,40.91463414634146,11.573170731707316,29.341463414634145,21.597560975609756,15.012195121951219,8.146341463414634,3.9878048780487805,19.158536585365855,98.19999999999999
2014-15,1610612751,Brooklyn Nets,88,40,48,0.45454545454545453,97.9090909090909,100.9659090909091,-3.0568181818181817,0.4510795454545455,0.32860227272727277,0.7481136363636364,42.5,10.261363636363637,32.23863636363637,20.977272727272727,13.852272727272727,7.056818181818182,4.090909090909091,19.238636363636363,97.87272727272726
2014-15,1610612752,New York Knicks,82,17,65,0.2073170731707317,91.89024390243902,101.20731707317073,-9.317073170731707,0.4298170731707317,0.3532682926829268,0.7671341463414634,40.36585365853659,10.573170731707316,29.79268292682927,21.29268292682927,14.707317073170731,7.012195121951219,4.658536585365853,21.5609756097561,92.05609756097562
2014-15,1610612753,Orlando Magic,82,25,57,0.3048780487804878,95.6951219512195,101.41463414634147,-5.719512195121951,0.45359756097560977,0.34786585365853656,0.7363536585365854,41.81707317073171,10.024390243902438,31.79268292682927,20.634146341463413,14.890243902439025,7.890243902439025,3.8292682926829267,20.902439024390244,95.70243902439024
2014-15,1610612754,Indiana Pacers,82,38,44,0.4634146341463415,97.32926829268293,97.04878048780488,0.2804878048780488,0.4406463414634147,0.3521341463414634,0.7579146341463415,44.853658536585364,10.439024390243903,34.41463414634146,21.426829268292682,13.987804878048781,6.158536585365853,4.573170731707317,21.24390243902439,97.19756097560975
2014-15,1610612755,Philadelphia 76ers,82,18,64,0.21951219512195122,91.97560975609755,100.95121951219512,-8.975609756097562,0.40901219512195125,0.3149878048780488,0.6778536585365854,42.853658536585364,11.926829268292684,30.926829268292682,20.524390243902438,17.71951219512195,9.621951219512194,5.939024390243903,21.682926829268293,92.08536585365853
2014-15,1610612756,Phoenix Suns,82,39,43,0.47560975609756095,102.40243902439025,103.3048780487805,-0.9024390243902439,0.4519878048780488,0.3375975609756098,0.7587195121951219,43.15853658536585,10.926829268292684,32.23170731707317,20.23170731707317,15.097560975609756,8.536585365853659,4.695121951219512,21.26829268292683,102.5439024390244
2014-15,1610612757,Portland Trail Blazers,87,52,35,0.5977011494252874,102.27586206896552,98.67816091954023,3.5977011494252875,0.4483793103448276,0.36028735632183906,0.8036321839080459,45.758620689655174,10.67816091954023,35.08045977011494,21.632183908045977,13.505747126436782,6.2298850574712645,4.574712643678161,18.35632183908046,102.20919540229886
2014-15,1610612758,Sacramento Kings,82,29,53,0.35365853658536583,101.34146341463415,105.04878048780488,-3.707317073170732,0.45624390243902435,0.3398048780487805,0.7600243902439024,44.18292682926829,10.914634146341463,33.26829268292683,20.329268292682926,16.25609756097561,6.7073170731707314,3.951219512195122,20.682926829268293,101.08780487804879
2014-15,1610612759,San Antonio Spurs,89,58,31,0.651685393258427,103.20224719101124,97.46067415730337,5.741573033707865,0.46816853932584274,0.3624157303370787,0.7733370786516853,43.853932584269664,9.97752808988764,33.87640449438202,24.370786516853933,13.831460674157304,7.865168539325842,5.359550561797753,19.528089887640448,103.21123595505617
2014-15,1610612760,Oklahoma City Thunder,82,45,37,0.5487804878048781,103.95121951219512,101.76829268292683,2.182926829268293,0.4479634146341463,0.33564634146341465,0.7412926829268293,47.51219512195122,12.829268292682928,34.68292682926829,20.5,14.695121951219512,7.2926829268292686,5.536585365853658,22.304878048780488,103.54146341463414
2014-15,1610612761,Toronto Raptors,86,49,37,0.5697674418604651,103.62790697674419,101.34883720930233,2.2790697674418605,0.4541860465116279,0.34917441860465115,0.7873953488372092,41.406976744186046,10.651162790697674,30.75581395348837,20.686046511627907,12.848837209302326,7.5,4.255813953488372,21.069767441860463,103.64418604651162
2014-15,1610612762,Utah Jazz,82,38,44,0.4634146341463415,95.13414634146342,94.91463414634147,0.21951219512195122,0.44752439024390245,0.3440853658536585,0.7229146341463415,43.96341463414634,12.048780487804878,31.914634146341463,19.902439024390244,15.317073170731707,7.597560975609756,5.963414634146342,19.304878048780488,95.48048780487804
2014-15,1610612763,Memphis Grizzlies,93,61,32,0.6559139784946236,97.89247311827957,95.18279569892474,2.7096774193548385,0.45541935483870966,0.3339784946236559,0.7860645161290323,42.666666666666664,10.451612903225806,32.215053763440864,21.516129032258064,13.064516129032258,8.548387096774194,4.21505376344086,19.13978494623656,98.0989247311828
2014-15,1610612764,Washington Wizards,92,52,40,0.5652173913043478,98.81521739130434,97.75,1.065217391304348,0.4625434782608696,0.36517391304347824,0.7356304347826087,44.94565217391305,10.630434782608695,34.31521739130435,23.91304347826087,14.978260869565217,7.304347826086956,4.684782608695652,20.72826086956522,98.7304347826087
2014-15,1610612765,Detroit Pistons,82,32,50,0.3902439024390244,98.5,99.5,-1.0,0.4330121951219512,0.3396219512195122,0.7031951219512195,44.890243902439025,12.817073170731707,32.073170731707314,21.597560975609756,13.402439024390244,7.597560975609756,4.670731707317073,19.01219512195122,98.46829268292683
2014-15,1610612766,Charlotte Hornets,82,33,49,0.4024390243902439,94.15853658536585,97.32926829268293,-3.1707317073170733,0.4206341463414634,0.31297560975609756,0.7475731707317074,44.0609756097561,10.0,34.0609756097561,20.170731707317074,11.902439024390244,6.085365853658536,5.463414634146342,18.21951219512195,94.45384615384614
2015-16,1610612737,Atlanta Hawks,92,52,40,0.5652173913043478,102.54347826086956,99.43478260869566,3.108695652173913,0.4559130434782609,0.3496413043478261,0.7792608695652173,42.32608695652174,8.347826086956522,33.97826086956522,25.282608695652176,14.891304347826088,8.934782608695652,6.108695652173913,19.26086956521739,102.3891304347826
2015-16,1610612738,Boston Celtics,88,50,38,0.5681818181818182,104.9090909090909,102.375,2.534090909090909,0.43636363636363634,0.3309659090909091,0.7898522727272728,44.98863636363637,11.522727272727273,33.46590909090909,23.943181818181817,13.806818181818182,8.977272727272727,4.3977272727272725,21.90909090909091,104.9159090909091
2015-16,1610612739,Cleveland Cavaliers,103,73,30,0.7087378640776699,104.41747572815534,97.88349514563107,6.533980582524272,0.4635436893203883,0.36929126213592234,0.7450970873786408,44.262135922330096,10.660194174757281,33.601941747572816,22.398058252427184,13.359223300970873,6.932038834951456,3.941747572815534,20.174757281553397,104.19029126213593
2015-16,1610612740,New Orleans Pelicans,82,30,52,0.36585365853658536,102.71951219512195,106.51219512195122,-3.792682926829268,0.44892682926829264,0.3576341463414634,0.7792560975609756,42.609756097560975,9.536585365853659,33.073170731707314,22.170731707317074,13.439024390243903,7.719512195121951,4.170731707317073,20.890243902439025,102.5439024390244
2015-16,1610612741,Chicago Bulls,82,42,40,0.5121951219512195,101.64634146341463,103.1219512195122,-1.475609756097561,0.44321951219512196,0.3688780487804878,0.7820121951219512,46.292682926829265,11.060975609756097,35.23170731707317,22.804878048780488,13.914634146341463,6.036585365853658,5.7317073170731705,18.841463414634145,100.99024390243903
2015-16,1610612742,Dallas Mavericks,87,43,44,0.4942528735632184,101.80459770114942,103.13793103448276,-1.3333333333333333,0.44435632183908047,0.33970114942528734,0.7874597701149425,42.60919540229885,9.160919540229886,33.44827586206897,22.022988505747126,12.71264367816092,6.781609195402299,3.6551724137931036,19.71264367816092,101.95402298850574
2015-16,1610612743,Denver Nuggets,82,33,49,0.4024390243902439,101.89024390243902,104.98780487804878,-3.097560975609756,0.4423536585365854,0.33682926829268295,0.7698292682926829,44.6219512195122,11.475609756097562,33.146341463414636,22.658536585365855,14.658536585365853,7.426829268292683,4.817073170731708,21.01219512195122,102.49024390243903
2015-16,1610612744,Golden State Warriors,106,88,18,0.8301886792452831,113.26415094339623,103.95283018867924,9.31132075471698,0.48080188679245284,0.408377358490566,0.7582547169811321,45.5188679245283,10.075471698113208,35.443396226415096,27.88679245283019,14.915094339622641,8.30188679245283,5.933962264150943,21.0188679245283,113.39245283018869
2015-16,1610612745,Houston Rockets,87,42,45,0.4827586206896552,105.66666666666667,106.5632183908046,-0.896551724137931,0.4487931034482759,0.3435977011494253,0.6959770114942528,43.310344827586206,11.517241379310345,31.79310344827586,21.96551724137931,16.114942528735632,9.919540229885058,5.183908045977011,22.04597701149425,105.88735632183909
2015-16,1610612746,LA Clippers,88,55,33,0.625,104.07954545454545,100.02272727272727,4.056818181818182,0.4643181818181818,0.3599431818181818,0.7008181818181818,42.32954545454545,8.965909090909092,33.36363636363637,22.522727272727273,12.738636363636363,8.636363636363637,5.545454545454546,21.238636363636363,104.1595238095238
2015-16,1610612747,Los Angeles Lakers,82,17,65,0.2073170731707317,97.34146341463415,106.90243902439025,-9.560975609756097,0.4153170731707317,0.3178658536585366,0.7784634146341464,42.96341463414634,10.707317073170731,32.25609756097561,18.024390243902438,13.707317073170731,7.2317073170731705,4.109756097560975,20.26829268292683,97.40731707317073
2015-16,1610612748,Miami Heat,96,55,41,0.5729166666666666,99.58333333333333,97.71875,1.8645833333333333,0.4697291666666667,0.3385416666666667,0.7502916666666667,44.135416666666664,9.729166666666666,34.40625,20.1875,13.947916666666666,6.552083333333333,6.395833333333333,18.739583333333332,99.71875
2015-16,1610612749,Milwaukee Bucks,82,33,49,0.4024390243902439,99.04878048780488,103.23170731707317,-4.182926829268292,0.46745121951219515,0.34486585365853656,0.747,41.670731707317074,10.463414634146341,31.20731707317073,23.109756097560975,15.207317073170731,8.195121951219512,5.7926829268292686,20.670731707317074,98.67560975609756
2015-16,1610612750,Minnesota Timberwolves,82,29,53,0.35365853658536583,102.41463414634147,105.95121951219512,-3.5365853658536586,0.4649268292682927,0.33551219512195124,0.7951341463414633,41.5609756097561,10.012195121951219,31.548780487804876,23.365853658536587,15.012195121951219,8.0,4.573170731707317,20.682926829268293,101.94634146341464
2015-16,1610612751,Brooklyn Nets,82,21,61,0.25609756097560976,98.64634146341463,106.0,-7.353658536585366,0.45398780487804885,0.3484390243902439,0.7521341463414634,42.40243902439025,10.524390243902438,31.878048780487806,22.304878048780488,14.78048780487805,7.646341463414634,4.048780487804878,18.0,98.50975609756098
2015-16,1610612752,New York Knicks,82,32,50,0.3902439024390244,98.35365853658537,101.08536585365853,-2.731707317073171,0.44009756097560976,0.34296341463414637,0.8104024390243902,44.36585365853659,10.365853658536585,34.0,20.51219512195122,13.402439024390244,5.695121951219512,5.682926829268292,19.70731707317073,98.36585365853658
2015-16,1610612753,Orlando Magic,82,35,47,0.4268292682926829,102.0609756097561,103.6829268292683,-1.6219512195121952,0.45673170731707313,0.3497560975609756,0.7581585365853658,43.31707317073171,10.28048780487805,33.03658536585366,23.573170731707318,14.085365853658537,8.207317073170731,5.085365853658536,20.74390243902439,101.69756097560976
2015-16,1610612754,Indiana Pacers,89,48,41,0.5393258426966292,101.49438202247191,99.80898876404494,1.6853932584269662,0.4498426966292135,0.3512584269662921,0.7682696629213484,43.831460674157306,10.235955056179776,33.59550561797753,20.98876404494382,14.831460674157304,8.932584269662922,4.831460674157303,20.191011235955056,101.56404494382024
2015-16,1610612755,Philadelphia 76ers,82,10,72,0.12195121951219512,97.41463414634147,107.64634146341463,-10.231707317073171,0.43267073170731707,0.33743902439024387,0.697670731707317,41.24390243902439,9.475609756097562,31.76829268292683,21.524390243902438,16.378048780487806,8.292682926829269,6.036585365853658,21.70731707317073,97.33414634146341
2015-16,1610612756,Phoenix Suns,82,23,59,0.2804878048780488,100.86585365853658,107.52439024390245,-6.658536585365853,0.43535365853658536,0.34436585365853656,0.7465731707317074,44.829268292682926,11.5,33.329268292682926,20.74390243902439,17.195121951219512,7.7073170731707314,3.817073170731707,22.658536585365855,100.39268292682928
2015-16,1610612757,Portland Trail Blazers,93,49,44,0.5268817204301075,105.12903225806451,104.6989247311828,0.43010752688172044,0.4469462365591398,0.3696021505376344,0.7517634408602151,45.74193548387097,11.720430107526882,34.02150537634409,21.344086021505376,14.451612903225806,6.774193548387097,4.548387096774194,21.93548387096774,104.63655913978495
2015-16,1610612758,Sacramento Kings,82,33,49,0.4024390243902439,106.58536585365853,109.0609756097561,-2.475609756097561,0.4646951219512195,0.36029268292682926,0.7194024390243903,44.24390243902439,10.585365853658537,33.65853658536585,24.5,16.170731707317074,8.939024390243903,4.487804878048781,20.4390243902439,106.96341463414635
2015-16,1610612759,San Antonio Spurs,92,73,19,0.7934782608695652,103.3695652173913,92.90217391304348,10.467391304347826,0.4831847826086957,0.3846413043478261,0.8081413043478262,43.43478260869565,9.228260869565217,34.20652173913044,24.16304347826087,12.902173913043478,8.347826086956522,6.032608695652174,17.554347826086957,103.5608695652174
2015-16,1610612760,Oklahoma City Thunder,100,66,34,0.66,109.53,102.61,6.92,0.47269,0.34723,0.7867700000000001,48.32,12.96,35.36,22.52,15.55,7.42,5.84,20.57,109.898
2015-16,1610612761,Toronto Raptors,102,66,36,0.6470588235294118,100.88235294117646,98.09803921568627,2.784313725490196,0.4463725490196079,0.35278431372549024,0.7723823529411765,42.81372549019608,10.313725490196079,32.5,18.137254901960784,13.068627450980392,7.705882352941177,5.117647058823529,20.068627450980394,101.03921568627452
2015-16,1610612762,Utah Jazz,82,40,42,0.4878048780487805,97.6829268292683,95.89024390243902,1.7926829268292683,0.45019512195121947,0.3560731707317073,0.7450487804878049,43.23170731707317,10.731707317073171,32.5,18.951219512195124,14.926829268292684,7.695121951219512,5.182926829268292,20.182926829268293,97.78536585365853
2015-16,1610612763,Memphis Grizzlies,86,42,44,0.4883720930232558,98.25581395348837,101.4186046511628,-3.1627906976744184,0.4399883720930232,0.3262093023255814,0.7772325581395348,41.593023255813954,11.290697674418604,30.302325581395348,20.5,13.395348837209303,8.779069767441861,4.255813953488372,21.732558139534884,98.32558139534883
2015-16,1610612764,Washington Wizards,82,41,41,0.5,104.07317073170732,104.57317073170732,-0.5,0.4611829268292683,0.35821951219512194,0.7334999999999999,41.84146341463415,9.060975609756097,32.78048780487805,24.451219512195124,14.463414634146341,8.634146341463415,3.9390243902439024,20.829268292682926,103.56341463414635
2015-16,1610612765,Detroit Pistons,86,44,42,0.5116279069767442,101.63953488372093,101.45348837209302,0.18604651162790697,0.44216279069767445,0.34443023255813954,0.6747441860465117,45.91860465116279,12.19767441860465,33.72093023255814,19.546511627906977,13.395348837209303,6.906976744186046,3.686046511627907,18.988372093023255,101.93720930232558
2015-16,1610612766,Charlotte Hornets,89,51,38,0.5730337078651685,102.37078651685393,100.56179775280899,1.8089887640449438,0.4356966292134832,0.35621348314606743,0.8000674157303371,43.38202247191011,8.808988764044944,34.57303370786517,21.04494382022472,12.303370786516854,7.134831460674158,5.179775280898877,18.078651685393258,102.41797752808989
2016-17,1610612737,Atlanta Hawks,88,45,43,0.5113636363636364,103.31818181818181,104.19318181818181,-0.875,0.4515227272727273,0.3385,0.7282840909090909,44.32954545454545,10.340909090909092,33.98863636363637,23.545454545454547,15.795454545454545,8.045454545454545,4.738636363636363,18.397727272727273,103.26818181818182
2016-17,1610612738,Boston Celtics,100,62,38,0.62,107.51,105.87,1.64,0.45520000000000005,0.36074,0.8030200000000001,41.24,9.13,32.11,25.54,13.3,7.56,4.14,20.6,107.35600000000001
2016-17,1610612739,Cleveland Cavaliers,100,64,36,0.64,111.4,107.36,4.04,0.47522,0.38894,0.74912,43.46,9.32,34.14,22.55,13.56,6.72,4.11,18.24,111.016
2016-17,1610612740,New Orleans Pelicans,82,34,48,0.4146341463414634,104.34146341463415,106.4390243902439,-2.097560975609756,0.45093902439024386,0.34665853658536583,0.7471219512195122,43.68292682926829,8.573170731707316,35.109756097560975,22.79268292682927,12.853658536585366,7.780487804878049,5.524390243902439,18.170731707317074,104.55121951219513
2016-17,1610612741,Chicago Bulls,88,43,45,0.48863636363636365,102.43181818181819,102.5,-0.06818181818181818,0.4444659090909091,0.3315909090909091,0.8015113636363637,46.31818181818182,12.204545454545455,34.11363636363637,22.397727272727273,13.681818181818182,7.795454545454546,4.818181818181818,17.78409090909091,102.95681818181819
2016-17,1610612742,Dallas Mavericks,82,33,49,0.4024390243902439,97.91463414634147,100.84146341463415,-2.926829268292683,0.4403414634146341,0.35536585365853657,0.7972439024390243,38.573170731707314,7.890243902439025,30.682926829268293,20.79268292682927,11.853658536585366,7.487804878048781,3.7439024390243905,19.109756097560975,98.02439024390245
2016-17,1610612743,Denver Nuggets,82,40,42,0.4878048780487805,111.71951219512195,111.20731707317073,0.5121951219512195,0.470890243902439,0.3681219512195122,0.7723414634146342,46.3780487804878,11.78048780487805,34.59756097560975,25.329268292682926,14.951219512195122,6.926829268292683,3.9390243902439024,19.109756097560975,111.35609756097561
2016-17,1610612744,Golden State Warriors,99,83,16,0.8383838383838383,116.47474747474747,104.51515151515152,11.95959595959596,0.4957676767676768,0.3862626262626263,0.7903232323232323,44.656565656565654,9.373737373737374,35.282828282828284,30.01010101010101,14.575757575757576,9.424242424242424,6.656565656565657,19.747474747474747,115.92727272727272
2016-17,1610612745,Houston Rockets,93,61,32,0.6559139784946236,114.44086021505376,109.21505376344086,5.225806451612903,0.4601075268817204,0.35293548387096774,0.765763440860215,44.193548387096776,10.763440860215054,33.43010752688172,24.56989247311828,14.989247311827956,8.118279569892474,4.333333333333333,20.043010752688172,114.31827956989248
2016-17,1610612746,LA Clippers,89,54,35,0.6067415730337079,107.80898876404494,103.9438202247191,3.865168539325843,0.4760112359550562,0.37180898876404495,0.7448089887640449,42.60674157303371,8.898876404494382,33.70786516853933,22.213483146067414,12.887640449438202,7.370786516853933,4.089887640449438,19.865168539325843,107.85842696629213
2016-17,1610612747,Los Angeles Lakers,82,26,56,0.3170731707317073,104.57317073170732,111.45121951219512,-6.878048780487805,0.45048780487804874,0.3425,0.7553780487804879,43.52439024390244,11.378048780487806,32.146341463414636,20.926829268292682,15.158536585365853,8.21951219512195,3.902439024390244,20.70731707317073,104.4390243902439
2016-17,1610612748,Miami Heat,82,41,41,0.5,103.17073170731707,102.10975609756098,1.0609756097560976,0.4558414634146341,0.36090243902439023,0.7077926829268293,43.6219512195122,10.634146341463415,32.98780487804878,21.24390243902439,13.439024390243903,7.170731707317073,5.719512195121951,20.48780487804878,102.73902439024391
2016-17,1610612749,Milwaukee Bucks,88,44,44,0.5,102.9090909090909,103.125,-0.2159090909090909,0.47335227272727276,0.37520454545454546,0.7639545454545454,40.22727272727273,8.772727272727273,31.454545454545453,23.988636363636363,13.920454545454545,8.125,5.295454545454546,20.318181818181817,103.13181818181819
2016-17,1610612750,Minnesota Timberwolves,82,31,51,0.3780487804878049,105.57317073170732,106.6829268292683,-1.1097560975609757,0.4680731707317073,0.34623170731707315,0.7978414634146341,42.41463414634146,11.439024390243903,30.975609756097562,23.658536585365855,14.024390243902438,7.975609756097561,4.512195121951219,20.073170731707318,105.8439024390244
2016-17,1610612751,Brooklyn Nets,82,20,62,0.24390243902439024,105.76829268292683,112.5,-6.7317073170731705,0.44541463414634147,0.33720731707317075,0.787280487804878,43.90243902439025,8.792682926829269,35.109756097560975,21.414634146341463,16.536585365853657,7.2317073170731705,4.719512195121951,21.048780487804876,106.00731707317074
2016-17,1610612752,New York Knicks,82,31,51,0.3780487804878049,104.34146341463415,108.01219512195122,-3.6707317073170733,0.44826829268292684,0.34887804878048784,0.7863780487804879,45.19512195121951,11.987804878048781,33.207317073170735,21.78048780487805,13.890243902439025,7.085365853658536,5.548780487804878,20.341463414634145,104.13658536585366
2016-17,1610612753,Orlando Magic,82,29,53,0.35365853658536583,101.07317073170732,107.64634146341463,-6.573170731707317,0.44004878048780494,0.32870731707317075,0.7483780487804877,43.18292682926829,9.841463414634147,33.34146341463415,22.195121951219512,13.304878048780488,7.073170731707317,4.829268292682927,19.317073170731707,101.12439024390245
2016-17,1610612754,Indiana Pacers,86,42,44,0.4883720930232558,105.26744186046511,105.66279069767442,-0.3953488372093023,0.4660116279069767,0.37263953488372087,0.8037093023255814,42.0,9.174418604651162,32.825581395348834,22.488372093023255,13.755813953488373,8.151162790697674,4.930232558139535,19.627906976744185,104.93488372093023
2016-17,1610612755,Philadelphia 76ers,82,28,54,0.34146341463414637,102.4390243902439,108.13414634146342,-5.695121951219512,0.44298780487804884,0.34002439024390246,0.7655975609756097,42.84146341463415,9.841463414634147,33.0,23.76829268292683,16.658536585365855,8.439024390243903,5.121951219512195,21.865853658536587,102.4219512195122
2016-17,1610612756,Phoenix Suns,82,24,58,0.2926829268292683,107.6951219512195,113.32926829268293,-5.634146341463414,0.45235365853658543,0.33313414634146343,0.7761707317073171,44.97560975609756,11.902439024390244,33.073170731707314,19.5609756097561,15.426829268292684,8.207317073170731,4.865853658536586,24.75609756097561,107.66097560975611
2016-17,1610612757,Portland Trail Blazers,86,41,45,0.47674418604651164,107.63953488372093,108.97674418604652,-1.3372093023255813,0.4575348837209302,0.3727674418604651,0.780267441860465,43.674418604651166,10.116279069767442,33.55813953488372,20.88372093023256,13.80232558139535,7.011627906976744,4.965116279069767,21.197674418604652,108.04883720930233
2016-17,1610612758,Sacramento Kings,82,32,50,0.3902439024390244,102.8048780487805,106.6829268292683,-3.8780487804878048,0.4621585365853658,0.3804268292682927,0.7704268292682926,41.0609756097561,8.71951219512195,32.34146341463415,22.48780487804878,14.646341463414634,7.646341463414634,3.951219512195122,20.329268292682926,102.43170731707316
2016-17,1610612759,San Antonio Spurs,98,69,29,0.7040816326530612,105.61224489795919,99.42857142857143,6.183673469387755,0.46938775510204084,0.387,0.791795918367347,43.96938775510204,10.459183673469388,33.51020408163265,23.418367346938776,13.316326530612244,7.948979591836735,5.704081632653061,18.346938775510203,105.34285714285714
2016-17,1610612760,Oklahoma City Thunder,87,48,39,0.5517241379310345,106.45977011494253,106.24137931034483,0.21839080459770116,0.4515632183908046,0.32671264367816094,0.7445747126436782,46.44827586206897,12.218390804597702,34.229885057471265,20.919540229885058,14.873563218390805,7.931034482758621,5.149425287356322,20.988505747126435,106.30114942528736
2016-17,1610612761,Toronto Raptors,92,55,37,0.5978260869565217,105.75,102.6195652173913,3.130434782608696,0.46292391304347824,0.35991304347826086,0.7987173913043478,42.82608695652174,10.206521739130435,32.619565217391305,18.619565217391305,12.717391304347826,8.16304347826087,4.826086956521739,20.83695652173913,105.51086956521739
2016-17,1610612762,Utah Jazz,93,55,38,0.5913978494623656,100.36559139784946,97.45161290322581,2.913978494623656,0.4656881720430107,0.37151612903225806,0.7455591397849463,42.74193548387097,9.086021505376344,33.655913978494624,20.086021505376344,13.451612903225806,6.78494623655914,4.78494623655914,19.107526881720432,100.37419354838708
2016-17,1610612763,Memphis Grizzlies,88,45,43,0.5113636363636364,100.19318181818181,100.30681818181819,-0.11363636363636363,0.43763636363636366,0.3533409090909091,0.78525,42.27272727272727,10.590909090909092,31.681818181818183,21.102272727272727,12.806818181818182,7.7727272727272725,4.079545454545454,22.420454545454547,99.81363636363636
2016-17,1610612764,Washington Wizards,95,56,39,0.5894736842105263,109.03157894736842,107.47368421052632,1.5578947368421052,0.47368421052631576,0.36674736842105266,0.7882421052631579,42.873684210526314,10.4,32.473684210526315,23.705263157894738,14.115789473684211,8.378947368421052,4.442105263157894,21.51578947368421,109.24631578947368
2016-17,1610612765,Detroit Pistons,82,37,45,0.45121951219512196,101.32926829268293,102.45121951219512,-1.1219512195121952,0.44884146341463416,0.32687804878048776,0.7221951219512195,45.68292682926829,11.073170731707316,34.609756097560975,21.121951219512194,11.865853658536585,7.0,3.7804878048780486,17.890243902439025,101.05365853658536
2016-17,1610612766,Charlotte Hornets,82,36,46,0.43902439024390244,104.89024390243902,104.6951219512195,0.1951219512195122,0.443109756097561,0.34804878048780485,0.8164756097560975,43.58536585365854,8.792682926829269,34.792682926829265,23.0609756097561,11.487804878048781,6.963414634146342,4.7560975609756095,16.585365853658537,104.80000000000001
2017-18,1610612737,Atlanta Hawks,82,24,58,0.2926829268292683,103.35365853658537,108.8048780487805,-5.451219512195122,0.44771951219512196,0.36346341463414633,0.7870975609756098,41.90243902439025,9.060975609756097,32.84146341463415,23.73170731707317,15.536585365853659,7.780487804878049,4.2439024390243905,19.585365853658537,103.23414634146343
2017-18,1610612738,Boston Celtics,101,66,35,0.6534653465346535,103.51485148514851,100.47524752475248,3.0396039603960396,0.4485940594059406,0.3744257425742574,0.7704554455445545,43.93069306930693,9.257425742574258,34.67326732673267,22.22772277227723,13.554455445544555,7.267326732673268,4.455445544554456,19.861386138613863,103.72475247524753
2017-18,1610612739,Cleveland Cavaliers,104,62,42,0.5961538461538461,108.8076923076923,108.4326923076923,0.375,0.47171153846153846,0.36417307692307693,0.7705865384615385,41.97115384615385,8.740384615384615,33.23076923076923,22.490384615384617,13.509615384615385,6.855769230769231,3.9326923076923075,18.78846153846154,109.3153846153846
2017-18,1610612740,New Orleans Pelicans,91,53,38,0.5824175824175825,111.54945054945055,110.45054945054945,1.098901098901099,0.48390109890109895,0.3600879120879121,0.774065934065934,44.45054945054945,8.604395604395604,35.84615384615385,26.78021978021978,14.868131868131869,8.021978021978022,5.824175824175824,19.164835164835164,111.46593406593406
2017-18,1610612741,Chicago Bulls,82,27,55,0.32926829268292684,102.92682926829268,109.96341463414635,-7.036585365853658,0.4358414634146341,0.3535121951219512,0.7570365853658536,44.65853658536585,9.634146341463415,35.02439024390244,23.451219512195124,13.987804878048781,7.634146341463414,3.524390243902439,19.158536585365855,102.7829268292683
2017-18,1610612742,Dallas Mavericks,82,24,58,0.2926829268292683,102.3170731707317,105.35365853658537,-3.0365853658536586,0.4455121951219513,0.360890243902439,0.7631829268292684,41.25609756097561,8.121951219512194,33.13414634146341,22.658536585365855,12.28048780487805,7.048780487804878,3.7804878048780486,19.24390243902439,102.30000000000001
2017-18,1610612743,Denver Nuggets,82,46,36,0.5609756097560976,110.0,108.52439024390245,1.475609756097561,0.4703414634146341,0.3672073170731707,0.7709634146341463,44.51219512195122,11.0,33.51219512195122,25.109756097560975,14.951219512195122,7.646341463414634,4.926829268292683,18.695121951219512,110.11463414634146
2017-18,1610612744,Golden State Warriors,103,74,29,0.7184466019417476,112.84466019417475,106.04854368932038,6.796116504854369,0.4988446601941748,0.3817864077669903,0.8162427184466019,43.81553398058252,8.572815533980583,35.24271844660194,28.631067961165048,14.902912621359222,7.970873786407767,7.12621359223301,19.62135922330097,113.04271844660194
2017-18,1610612745,Houston Rockets,99,76,23,0.7676767676767676,111.08080808080808,103.74747474747475,7.333333333333333,0.4561010101010101,0.3596868686868687,0.7782626262626263,43.38383838383838,8.969696969696969,34.41414141414141,21.08080808080808,13.535353535353535,8.454545454545455,4.898989898989899,19.414141414141415,111.17373737373738
2017-18,1610612746,LA Clippers,82,42,40,0.5121951219512195,108.98780487804878,108.95121951219512,0.036585365853658534,0.4729634146341464,0.3511585365853659,0.7393170731707317,43.8780487804878,10.146341463414634,33.73170731707317,22.341463414634145,14.682926829268293,7.658536585365853,4.536585365853658,19.975609756097562,108.78048780487805
2017-18,1610612747,Los Angeles Lakers,82,35,47,0.4268292682926829,108.07317073170732,109.6219512195122,-1.548780487804878,0.460890243902439,0.3399756097560976,0.718451219512195,46.3780487804878,10.682926829268293,35.69512195121951,23.76829268292683,15.792682926829269,7.719512195121951,4.7317073170731705,21.170731707317074,108.00243902439026
2017-18,1610612748,Miami Heat,87,45,42,0.5172413793103449,103.41379310344827,103.58620689655173,-0.1724137931034483,0.4552988505747126,0.3599425287356322,0.7506206896551725,43.32183908045977,9.32183908045977,34.0,22.770114942528735,14.459770114942529,7.632183908045977,5.390804597701149,20.620689655172413,103.68735632183908
2017-18,1610612749,Milwaukee Bucks,89,47,42,0.5280898876404494,106.11235955056179,106.43820224719101,-0.3258426966292135,0.4807865168539326,0.35776404494382025,0.7772808988764045,39.741573033707866,8.168539325842696,31.573033707865168,23.134831460674157,13.786516853932584,8.629213483146067,5.50561797752809,21.48314606741573,105.97303370786517
2017-18,1610612750,Minnesota Timberwolves,87,48,39,0.5517241379310345,109.05747126436782,107.45977011494253,1.5977011494252873,0.4764597701149425,0.3606436781609196,0.7978390804597701,42.14942528735632,10.241379310344827,31.908045977011493,22.67816091954023,12.459770114942529,8.206896551724139,4.149425287356322,18.229885057471265,109.18850574712643
2017-18,1610612751,Brooklyn Nets,82,28,54,0.34146341463414637,106.59756097560975,110.34146341463415,-3.7439024390243905,0.44214634146341464,0.355890243902439,0.7791463414634147,44.4390243902439,9.658536585365853,34.78048780487805,23.670731707317074,15.182926829268293,6.2439024390243905,4.7560975609756095,20.585365853658537,106.18536585365854
2017-18,1610612752,New York Knicks,82,29,53,0.35365853658536583,104.46341463414635,108.02439024390245,-3.5609756097560976,0.4647439024390244,0.3525853658536585,0.7868170731707318,44.03658536585366,10.475609756097562,33.5609756097561,23.317073170731707,14.731707317073171,6.7317073170731705,5.134146341463414,20.51219512195122,104.30000000000001
2017-18,1610612753,Orlando Magic,82,25,57,0.3048780487804878,103.40243902439025,108.21951219512195,-4.817073170731708,0.45296341463414636,0.3480121951219512,0.7618658536585365,41.63414634146341,8.804878048780488,32.829268292682926,23.426829268292682,14.536585365853659,7.585365853658536,4.878048780487805,19.25609756097561,103.52926829268293
2017-18,1610612754,Indiana Pacers,89,51,38,0.5730337078651685,105.1685393258427,103.4494382022472,1.7191011235955056,0.4737303370786517,0.36465168539325843,0.7751123595505618,42.157303370786515,9.49438202247191,32.662921348314605,22.10112359550562,13.258426966292134,8.741573033707866,4.033707865168539,19.06741573033708,105.22022471910113
2017-18,1610612755,Philadelphia 76ers,92,57,35,0.6195652173913043,109.69565217391305,105.26086956521739,4.434782608695652,0.46879347826086953,0.3637282608695652,0.7587173913043479,47.65217391304348,11.16304347826087,36.48913043478261,26.945652173913043,16.293478260869566,8.26086956521739,5.010869565217392,22.16304347826087,109.65869565217392
2017-18,1610612756,Phoenix Suns,82,21,61,0.25609756097560976,103.92682926829268,113.29268292682927,-9.365853658536585,0.4433048780487805,0.3353780487804878,0.7375853658536585,44.1219512195122,10.268292682926829,33.853658536585364,21.25609756097561,15.71951219512195,6.939024390243903,4.512195121951219,22.036585365853657,104.02439024390245
2017-18,1610612757,Portland Trail Blazers,86,49,37,0.5697674418604651,105.61627906976744,103.55813953488372,2.058139534883721,0.453546511627907,0.3658720930232558,0.8041162790697673,45.372093023255815,10.232558139534884,35.13953488372093,19.476744186046513,13.569767441860465,7.046511627906977,5.093023255813954,19.546511627906977,105.44186046511628
2017-18,1610612758,Sacramento Kings,82,27,55,0.32926829268292684,98.82926829268293,105.8170731707317,-6.987804878048781,0.45076829268292684,0.37691463414634147,0.7405731707317073,40.90243902439025,9.463414634146341,31.4390243902439,21.5609756097561,13.71951219512195,7.841463414634147,4.146341463414634,19.98780487804878,99.30731707317074
2017-18,1610612759,San Antonio Spurs,87,48,39,0.5517241379310345,102.39080459770115,100.17241379310344,2.218390804597701,0.4551954022988505,0.34963218390804596,0.7809425287356321,43.839080459770116,10.241379310344827,33.59770114942529,22.563218390804597,13.022988505747126,7.655172413793103,5.459770114942529,17.35632183908046,102.68275862068965
2017-18,1610612760,Oklahoma City Thunder,88,50,38,0.5681818181818182,107.39772727272727,104.51136363636364,2.8863636363636362,0.45169318181818185,0.3532727272727273,0.7168068181818182,44.98863636363637,12.272727272727273,32.71590909090909,21.0,13.988636363636363,9.045454545454545,4.965909090909091,20.261363636363637,107.5909090909091
2017-18,1610612761,Toronto Raptors,92,63,29,0.6847826086956522,111.18478260869566,104.72826086956522,6.456521739130435,0.4727391304347826,0.3599673913043478,0.7901521739130435,43.56521739130435,9.717391304347826,33.84782608695652,24.054347826086957,13.423913043478262,7.423913043478261,6.0978260869565215,21.83695652173913,111.15869565217392
2017-18,1610612762,Utah Jazz,93,53,40,0.5698924731182796,103.93548387096774,100.39784946236558,3.5376344086021505,0.46166666666666667,0.3654301075268817,0.7723333333333333,43.46236559139785,9.064516129032258,34.39784946236559,22.172043010752688,14.795698924731182,8.505376344086022,5.10752688172043,19.72043010752688,103.90537634408602
2017-18,1610612763,Memphis Grizzlies,82,22,60,0.2682926829268293,99.32926829268293,105.53658536585365,-6.2073170731707314,0.4442560975609756,0.35098780487804876,0.7820975609756098,40.52439024390244,9.5,31.024390243902438,21.548780487804876,14.963414634146341,7.475609756097561,4.829268292682927,23.170731707317074,99.06341463414634
2017-18,1610612764,Washington Wizards,88,45,43,0.5113636363636364,106.64772727272727,106.23863636363636,0.4090909090909091,0.4675227272727273,0.37297727272727277,0.7806818181818183,42.90909090909091,9.931818181818182,32.97727272727273,25.056818181818183,14.511363636363637,7.863636363636363,4.363636363636363,21.272727272727273,106.7
2017-18,1610612765,Detroit Pistons,82,39,43,0.47560975609756095,103.76829268292683,103.91463414634147,-0.14634146341463414,0.4501585365853658,0.37228048780487805,0.7413780487804877,43.73170731707317,10.121951219512194,33.609756097560975,22.78048780487805,13.439024390243903,7.658536585365853,3.8658536585365852,18.390243902439025,103.62682926829268
2017-18,1610612766,Charlotte Hornets,82,36,46,0.43902439024390244,108.21951219512195,107.96341463414635,0.25609756097560976,0.4505975609756097,0.3628780487804878,0.7473658536585366,45.46341463414634,10.085365853658537,35.3780487804878,21.585365853658537,12.695121951219512,6.817073170731708,4.548780487804878,17.182926829268293,107.37317073170732
2018-19,1610612737,Atlanta Hawks,82,29,53,0.35365853658536583,113.34146341463415,119.36585365853658,-6.024390243902439,0.45178048780487806,0.3509756097560976,0.7518170731707318,46.09756097560975,11.646341463414634,34.451219512195124,25.829268292682926,17.036585365853657,8.231707317073171,5.109756097560975,23.5609756097561,113.0170731707317
2018-19,1610612738,Boston Celtics,91,54,37,0.5934065934065934,111.37362637362638,107.51648351648352,3.857142857142857,0.46182417582417584,0.36182417582417586,0.8047472527472528,44.86813186813187,9.571428571428571,35.2967032967033,25.802197802197803,13.021978021978022,8.340659340659341,5.153846153846154,20.406593406593405,111.16703296703298
2018-19,1610612739,Cleveland Cavaliers,82,19,63,0.23170731707317074,104.47560975609755,114.08536585365853,-9.609756097560975,0.4447560975609756,0.3520243902439024,0.7861951219512195,42.65853658536585,10.71951219512195,31.9390243902439,20.70731707317073,13.487804878048781,6.512195121951219,2.3780487804878048,20.024390243902438,104.41707317073171
2018-19,1610612740,New Orleans Pelicans,82,33,49,0.4024390243902439,115.4390243902439,116.76829268292683,-1.329268292682927,0.47456097560975613,0.3440731707317073,0.7574634146341463,47.292682926829265,11.085365853658537,36.207317073170735,27.024390243902438,14.817073170731707,7.439024390243903,5.378048780487805,21.121951219512194,115.13170731707316
2018-19,1610612741,Chicago Bulls,82,22,60,0.2682926829268293,104.9390243902439,113.35365853658537,-8.414634146341463,0.4541829268292683,0.34918292682926827,0.7882926829268293,42.890243902439025,8.75609756097561,34.13414634146341,21.902439024390244,14.134146341463415,7.353658536585366,4.280487804878049,20.28048780487805,104.83658536585367
2018-19,1610612742,Dallas Mavericks,82,33,49,0.4024390243902439,108.86585365853658,110.14634146341463,-1.2804878048780488,0.4476585365853658,0.3414512195121951,0.7415243902439025,45.31707317073171,10.146341463414634,35.170731707317074,23.390243902439025,14.231707317073171,6.5,4.280487804878049,20.121951219512194,108.58536585365853
2018-19,1610612743,Denver Nuggets,96,61,35,0.6354166666666666,110.44791666666667,106.80208333333333,3.6458333333333335,0.463625,0.3470104166666667,0.7646458333333334,46.583333333333336,12.03125,34.552083333333336,26.885416666666668,12.90625,7.4375,4.458333333333333,20.229166666666668,110.41458333333333
2018-19,1610612744,Golden State Warriors,104,71,33,0.6826923076923077,116.9326923076923,111.125,5.8076923076923075,0.48850000000000005,0.38129807692307693,0.8045192307692308,45.57692307692308,9.807692307692308,35.76923076923077,29.21153846153846,14.39423076923077,7.576923076923077,6.25,21.807692307692307,117.08461538461538
2018-19,1610612745,Houston Rockets,93,59,34,0.6344086021505376,113.27956989247312,108.6989247311828,4.580645161290323,0.449741935483871,0.35531182795698923,0.789494623655914,42.16129032258065,10.129032258064516,32.03225806451613,20.881720430107528,13.634408602150538,8.53763440860215,4.956989247311828,21.946236559139784,112.88817204301075
2018-19,1610612746,LA Clippers,88,50,38,0.5681818181818182,115.11363636363636,114.98863636363636,0.125,0.47048863636363636,0.38592045454545454,0.7912727272727273,45.14772727272727,9.727272727272727,35.42045454545455,24.113636363636363,14.579545454545455,6.920454545454546,4.6022727272727275,23.443181818181817,114.84772727272728
2018-19,1610612747,Los Angeles Lakers,82,37,45,0.45121951219512196,111.76829268292683,113.48780487804878,-1.7195121951219512,0.47102439024390247,0.33117073170731703,0.6976829268292684,46.58536585365854,10.182926829268293,36.40243902439025,25.5609756097561,15.658536585365853,7.536585365853658,5.365853658536586,20.74390243902439,111.6951219512195
2018-19,1610612748,Miami Heat,82,39,43,0.47560975609756095,105.70731707317073,105.9390243902439,-0.23170731707317074,0.4518536585365854,0.3505731707317073,0.6891951219512196,46.34146341463415,11.231707317073171,35.109756097560975,24.28048780487805,14.731707317073171,7.646341463414634,5.463414634146342,20.878048780487806,105.53658536585365
2018-19,1610612749,Milwaukee Bucks,97,70,27,0.7216494845360825,117.29896907216495,108.44329896907216,8.855670103092784,0.47296907216494843,0.35089690721649486,0.7652268041237114,50.07216494845361,9.422680412371134,40.649484536082475,25.88659793814433,13.731958762886597,7.371134020618556,6.0,19.948453608247423,117.22474226804123
2018-19,1610612750,Minnesota Timberwolves,82,36,46,0.43902439024390244,112.47560975609755,113.97560975609755,-1.5,0.45720731707317075,0.3553292682926829,0.7866219512195122,44.792682926829265,11.25609756097561,33.53658536585366,24.609756097560975,13.097560975609756,8.329268292682928,5.012195121951219,20.29268292682927,112.46829268292683
2018-19,1610612751,Brooklyn Nets,87,43,44,0.4942528735632184,112.19540229885058,112.89655172413794,-0.7011494252873564,0.4479540229885058,0.3514827586206897,0.7502988505747126,46.2183908045977,10.988505747126437,35.229885057471265,23.563218390804597,15.022988505747126,6.632183908045977,4.057471264367816,21.57471264367816,112.24137931034483
2018-19,1610612752,New York Knicks,82,17,65,0.2073170731707317,104.57317073170732,113.78048780487805,-9.207317073170731,0.4334878048780488,0.3391463414634146,0.7600121951219512,44.73170731707317,10.451219512195122,34.28048780487805,20.073170731707318,14.036585365853659,6.7926829268292686,5.146341463414634,20.890243902439025,104.88292682926829
2018-19,1610612753,Orlando Magic,87,43,44,0.4942528735632184,106.4367816091954,106.59770114942529,-0.16091954022988506,0.4504712643678161,0.3538735632183908,0.7820229885057471,45.298850574712645,10.0,35.298850574712645,25.17241379310345,13.333333333333334,6.620689655172414,5.344827586206897,18.620689655172413,106.56781609195401
2018-19,1610612754,Indiana Pacers,86,48,38,0.5581395348837209,107.25581395348837,104.43023255813954,2.8255813953488373,0.4727209302325582,0.3704883720930232,0.7488255813953488,42.895348837209305,9.232558139534884,33.66279069767442,25.709302325581394,13.604651162790697,8.674418604651162,4.8604651162790695,19.46511627906977,107.46279069767441
2018-19,1610612755,Philadelphia 76ers,94,58,36,0.6170212765957447,114.35106382978724,111.61702127659575,2.734042553191489,0.4698404255319149,0.35536170212765955,0.7728936170212766,47.861702127659576,10.946808510638299,36.91489361702128,26.595744680851062,15.117021276595745,7.25531914893617,5.287234042553192,21.425531914893618,114.5340425531915
2018-19,1610612756,Phoenix Suns,82,19,63,0.23170731707317074,107.5,116.84146341463415,-9.341463414634147,0.4597073170731707,0.3275609756097561,0.7786219512195122,40.3780487804878,9.121951219512194,31.25609756097561,23.865853658536587,15.597560975609756,8.963414634146341,5.097560975609756,23.5609756097561,107.4048780487805
2018-19,1610612757,Portland Trail Blazers,98,61,37,0.6224489795918368,113.84693877551021,110.56122448979592,3.2857142857142856,0.4638163265306123,0.36147959183673467,0.8056530612244898,47.53061224489796,11.73469387755102,35.795918367346935,22.479591836734695,13.683673469387756,6.6938775510204085,5.051020408163265,20.744897959183675,113.8795918367347
2018-19,1610612758,Sacramento Kings,82,39,43,0.47560975609756095,114.1829268292683,115.3048780487805,-1.1219512195121952,0.4643048780487805,0.37678048780487805,0.7194024390243903,45.426829268292686,11.048780487804878,34.3780487804878,25.402439024390244,13.353658536585366,8.28048780487805,4.426829268292683,21.353658536585368,113.44390243902438
2018-19,1610612759,San Antonio Spurs,89,51,38,0.5730337078651685,111.0,109.59550561797752,1.404494382022472,0.4783258426966292,0.3924157303370786,0.8155280898876404,44.752808988764045,9.348314606741573,35.40449438202247,24.280898876404493,11.808988764044944,5.98876404494382,4.651685393258427,18.235955056179776,110.95730337078652
2018-19,1610612760,Oklahoma City Thunder,87,50,37,0.5747126436781609,113.94252873563218,111.06896551724138,2.8735632183908044,0.4540919540229885,0.3502988505747126,0.7156666666666667,47.793103448275865,12.436781609195402,35.35632183908046,23.333333333333332,14.03448275862069,9.183908045977011,5.195402298850575,22.528735632183906,113.69195402298851
2018-19,1610612761,Toronto Raptors,106,74,32,0.6981132075471698,112.66037735849056,106.71698113207547,5.943396226415095,0.4693490566037736,0.36039622641509433,0.8138679245283018,44.54716981132076,9.29245283018868,35.25471698113208,24.77358490566038,13.584905660377359,8.235849056603774,5.160377358490566,21.38679245283019,112.48867924528301
2018-19,1610612762,Utah Jazz,87,51,36,0.5862068965517241,110.91954022988506,106.49425287356321,4.425287356321839,0.464632183908046,0.34922988505747127,0.7390919540229886,46.40229885057471,10.10344827586207,36.298850574712645,25.839080459770116,15.126436781609195,8.149425287356323,5.862068965517241,21.114942528735632,110.86436781609196
2018-19,1610612763,Memphis Grizzlies,82,33,49,0.4024390243902439,103.53658536585365,106.13414634146342,-2.597560975609756,0.4506951219512195,0.3398292682926829,0.7750365853658536,41.78048780487805,8.817073170731707,32.96341463414634,23.9390243902439,13.987804878048781,8.341463414634147,5.463414634146342,21.963414634146343,103.39999999999999
2018-19,1610612764,Washington Wizards,82,32,50,0.3902439024390244,114.02439024390245,116.92682926829268,-2.902439024390244,0.4682195121951219,0.33919512195121954,0.765219512195122,42.353658536585364,9.682926829268293,32.670731707317074,26.26829268292683,14.073170731707316,8.329268292682928,4.621951219512195,20.74390243902439,113.75121951219512
2018-19,1610612765,Detroit Pistons,86,41,45,0.47674418604651164,106.62790697674419,107.96511627906976,-1.3372093023255813,0.43859302325581395,0.34501162790697676,0.7511511627906977,44.848837209302324,11.383720930232558,33.46511627906977,22.523255813953487,13.686046511627907,6.953488372093023,4.034883720930233,22.186046511627907,106.87906976744186
2018-19,1610612766,Charlotte Hornets,82,39,43,0.47560975609756095,110.7439024390244,111.84146341463415,-1.0975609756097562,0.4486951219512195,0.3512073170731707,0.7924878048780487,43.80487804878049,9.926829268292684,33.8780487804878,23.23170731707317,12.207317073170731,7.2073170731707314,4.939024390243903,18.902439024390244,110.9048780487805
2019-20,1610612737,Atlanta Hawks,67,20,47,0.29850746268656714,111.76119402985074,119.73134328358209,-7.970149253731344,0.4502985074626865,0.33244776119402986,0.7883582089552239,43.25373134328358,9.865671641791044,33.38805970149254,23.955223880597014,16.208955223880597,7.8059701492537314,5.08955223880597,23.104477611940297,111.6
2019-20,1610612738,Boston Celtics,89,58,31,0.651685393258427,112.8314606741573,106.7752808988764,6.056179775280899,0.4606516853932584,0.3603820224719101,0.8051573033707866,45.91011235955056,10.303370786516854,35.60674157303371,22.921348314606742,13.842696629213483,7.966292134831461,5.48314606741573,21.707865168539325,112.49662921348316
2019-20,1610612739,Cleveland Cavaliers,65,19,46,0.2923076923076923,106.8923076923077,114.78461538461538,-7.892307692307693,0.4598307692307692,0.34781538461538464,0.7574000000000001,44.246153846153845,10.830769230769231,33.41538461538462,23.076923076923077,16.50769230769231,6.876923076923077,3.246153846153846,18.276923076923076,106.48615384615385
2019-20,1610612740,New Orleans Pelicans,72,30,42,0.4166666666666667,115.84722222222223,117.13888888888889,-1.2916666666666667,0.4661527777777778,0.36988888888888893,0.7269583333333334,46.5,11.069444444444445,35.43055555555556,26.833333333333332,16.40277777777778,7.486111111111111,4.972222222222222,21.166666666666668,115.85277777777777
2019-20,1610612741,Chicago Bulls,65,22,43,0.3384615384615385,106.84615384615384,109.92307692307692,-3.076923076923077,0.4478923076923077,0.34796923076923075,0.7518923076923076,41.86153846153846,10.461538461538462,31.4,23.23076923076923,15.461538461538462,10.03076923076923,4.076923076923077,21.8,106.64923076923077
2019-20,1610612742,Dallas Mavericks,81,45,36,0.5555555555555556,117.01234567901234,113.14814814814815,3.8641975308641974,0.46258024691358024,0.36649382716049383,0.7745925925925926,46.65432098765432,10.333333333333334,36.32098765432099,24.419753086419753,12.703703703703704,6.160493827160494,4.753086419753086,19.71604938271605,116.99506172839507
2019-20,1610612743,Denver Nuggets,92,55,37,0.5978260869565217,110.48913043478261,109.28260869565217,1.2065217391304348,0.4739891304347826,0.3596195652173913,0.7817282608695652,43.41304347826087,10.456521739130435,32.95652173913044,25.869565217391305,13.804347826086957,7.641304347826087,4.489130434782608,20.77173913043478,110.46521739130434
2019-20,1610612744,Golden State Warriors,65,15,50,0.23076923076923078,106.33846153846154,115.04615384615384,-8.707692307692307,0.4390307692307692,0.3317538461538462,0.8001846153846154,42.84615384615385,9.953846153846154,32.89230769230769,25.584615384615386,14.907692307692308,8.215384615384615,4.6,20.06153846153846,106.11384615384615
2019-20,1610612745,Houston Rockets,84,49,35,0.5833333333333334,116.35714285714286,113.71428571428571,2.642857142857143,0.44958333333333333,0.34889285714285717,0.7949404761904763,43.5,9.333333333333334,34.166666666666664,21.583333333333332,14.5,8.761904761904763,4.916666666666667,21.80952380952381,116.6
2019-20,1610612746,LA Clippers,85,56,29,0.6588235294117647,115.98823529411764,109.88235294117646,6.105882352941176,0.4677529411764706,0.3690705882352941,0.7945411764705883,47.09411764705882,10.470588235294118,36.62352941176471,23.32941176470588,14.352941176470589,7.152941176470589,4.541176470588235,22.258823529411764,116.42588235294119
2019-20,1610612747,Los Angeles Lakers,92,68,24,0.7391304347826086,113.29347826086956,107.26086956521739,6.032608695652174,0.4815108695652174,0.34870652173913047,0.7370652173913044,45.358695652173914,10.641304347826088,34.71739130434783,25.445652173913043,15.217391304347826,8.48913043478261,6.304347826086956,21.16304347826087,113.33913043478262
2019-20,1610612748,Miami Heat,94,58,36,0.6170212765957447,111.58510638297872,108.85106382978724,2.734042553191489,0.4671063829787234,0.3760851063829787,0.7902021276595744,43.691489361702125,8.329787234042554,35.361702127659576,25.69148936170213,14.52127659574468,7.361702127659575,4.3936170212765955,20.404255319148938,111.7063829787234
2019-20,1610612749,Milwaukee Bucks,83,61,22,0.7349397590361446,117.75903614457832,108.74698795180723,9.012048192771084,0.47515662650602414,0.3553012048192771,0.7350120481927711,51.096385542168676,9.457831325301205,41.63855421686747,25.686746987951807,15.072289156626505,7.204819277108434,5.674698795180723,19.85542168674699,117.62650602409639
2019-20,1610612750,Minnesota Timberwolves,64,19,45,0.296875,113.25,117.546875,-4.296875,0.44165625,0.3365,0.748078125,44.8125,10.546875,34.265625,23.828125,15.328125,8.671875,5.65625,21.40625,113.021875
2019-20,1610612751,Brooklyn Nets,76,35,41,0.4605263157894737,111.46052631578948,113.07894736842105,-1.618421052631579,0.4457105263157895,0.3446315789473684,0.7450657894736842,47.71052631578947,10.56578947368421,37.14473684210526,24.526315789473685,15.223684210526315,6.368421052631579,4.4868421052631575,20.986842105263158,111.47368421052632
2019-20,1610612752,New York Knicks,66,21,45,0.3181818181818182,105.8030303030303,112.25757575757575,-6.454545454545454,0.4474393939393939,0.3382727272727273,0.6968787878787879,46.5,12.045454545454545,34.45454545454545,22.060606060606062,14.333333333333334,7.636363636363637,4.742424242424242,22.181818181818183,105.14242424242424
2019-20,1610612753,Orlando Magic,78,34,44,0.4358974358974359,107.25641025641026,108.7948717948718,-1.5384615384615385,0.4429230769230769,0.3442948717948718,0.7711410256410256,44.41025641025641,10.051282051282051,34.35897435897436,23.923076923076923,12.948717948717949,8.115384615384615,5.282051282051282,18.474358974358974,106.90512820512821
2019-20,1610612754,Indiana Pacers,77,45,32,0.5844155844155844,108.98701298701299,107.67532467532467,1.3116883116883118,0.47663636363636364,0.3631948051948052,0.7820649350649351,42.48051948051948,8.558441558441558,33.922077922077925,25.68831168831169,13.35064935064935,7.532467532467533,5.1688311688311686,19.974025974025974,108.91948051948052
2019-20,1610612755,Philadelphia 76ers,77,43,34,0.5584415584415584,110.20779220779221,108.55844155844156,1.6493506493506493,0.46451948051948055,0.36158441558441556,0.7516363636363637,45.467532467532465,10.558441558441558,34.90909090909091,25.376623376623378,14.090909090909092,7.87012987012987,5.285714285714286,21.01298701298701,110.10649350649352
2019-20,1610612756,Phoenix Suns,73,34,39,0.4657534246575342,113.61643835616438,113.3972602739726,0.2191780821917808,0.4686575342465754,0.35754794520547944,0.8301232876712328,43.52054794520548,9.753424657534246,33.76712328767123,27.21917808219178,14.753424657534246,7.657534246575342,3.9726027397260273,22.041095890410958,113.23561643835617
2019-20,1610612757,Portland Trail Blazers,79,36,43,0.45569620253164556,114.44303797468355,116.18987341772151,-1.7468354430379747,0.46164556962025316,0.375,0.7992278481012659,45.151898734177216,10.164556962025317,34.9873417721519,20.430379746835442,12.987341772151899,6.3544303797468356,5.936708860759493,21.911392405063292,114.3012658227848
2019-20,1610612758,Sacramento Kings,72,31,41,0.4305555555555556,110.09722222222223,112.13888888888889,-2.0416666666666665,0.46466666666666673,0.3645555555555556,0.7668194444444444,42.59722222222222,9.652777777777779,32.94444444444444,23.791666666666668,14.48611111111111,7.722222222222222,4.069444444444445,22.15277777777778,110.13611111111112
2019-20,1610612759,San Antonio Spurs,71,32,39,0.4507042253521127,114.05633802816901,115.16901408450704,-1.1126760563380282,0.47277464788732393,0.3745492957746479,0.8069859154929577,44.647887323943664,9.014084507042254,35.63380281690141,24.661971830985916,12.605633802816902,7.295774647887324,5.492957746478873,19.3943661971831,113.51267605633802
2019-20,1610612760,Oklahoma City Thunder,79,47,32,0.5949367088607594,109.84810126582279,108.60759493670886,1.240506329113924,0.4659620253164557,0.35235443037974684,0.7961645569620253,43.50632911392405,8.30379746835443,35.20253164556962,21.354430379746834,13.987341772151899,7.430379746835443,4.822784810126582,19.11392405063291,110.07848101265823
2019-20,1610612761,Toronto Raptors,83,60,23,0.7228915662650602,112.3012048192771,106.34939759036145,5.951807228915663,0.45615662650602407,0.374144578313253,0.7917349397590361,45.28915662650602,9.337349397590362,35.95180722891566,25.16867469879518,14.590361445783133,8.602409638554217,5.036144578313253,21.759036144578314,112.54939759036145
2019-20,1610612762,Utah Jazz,79,47,32,0.5949367088607594,111.48101265822785,108.92405063291139,2.5569620253164556,0.47289873417721523,0.38011392405063293,0.7796962025316455,44.56962025316456,9.126582278481013,35.44303797468354,22.341772151898734,14.848101265822784,6.0886075949367084,3.9746835443037973,20.265822784810126,111.52405063291138
2019-20,1610612763,Memphis Grizzlies,73,34,39,0.4657534246575342,112.63013698630137,113.6986301369863,-1.0684931506849316,0.46987671232876715,0.3452465753424657,0.7619315068493151,46.534246575342465,10.32876712328767,36.205479452054796,26.91780821917808,15.246575342465754,7.890410958904109,5.4520547945205475,21.17808219178082,112.81369863013698
2019-20,1610612764,Washington Wizards,72,25,47,0.3472222222222222,114.41666666666667,119.08333333333333,-4.666666666666667,0.45809722222222216,0.3684444444444444,0.7819166666666667,42.041666666666664,10.166666666666666,31.875,25.01388888888889,14.166666666666666,7.972222222222222,4.291666666666667,22.694444444444443,114.61666666666666
2019-20,1610612765,Detroit Pistons,66,20,46,0.30303030303030304,107.24242424242425,110.8030303030303,-3.5606060606060606,0.45936363636363636,0.3682878787878788,0.7444696969696969,41.71212121212121,9.757575757575758,31.954545454545453,24.075757575757574,15.272727272727273,7.424242424242424,4.53030303030303,19.681818181818183,107.29090909090908
2019-20,1610612766,Charlotte Hornets,65,23,42,0.35384615384615387,102.87692307692308,109.63076923076923,-6.753846153846154,0.43515384615384617,0.34927692307692304,0.7486461538461539,42.784615384615385,11.0,31.784615384615385,23.83076923076923,14.6,6.584615384615384,4.123076923076923,18.815384615384616,102.78769230769231
2020-21,1610612737,Atlanta Hawks,90,51,39,0.5666666666666667,112.21111111111111,110.65555555555555,1.5555555555555556,0.4652666666666667,0.3646888888888889,0.8096222222222222,44.977777777777774,10.266666666666667,34.71111111111111,23.344444444444445,13.077777777777778,6.933333333333334,4.677777777777778,19.711111111111112,112.61333333333334
2020-21,1610612738,Boston Celtics,77,37,40,0.4805194805194805,112.59740259740259,111.96103896103897,0.6363636363636364,0.46524675324675324,0.37388311688311693,0.7805584415584416,44.064935064935064,10.753246753246753,33.311688311688314,23.2987012987013,13.987012987012987,7.636363636363637,5.428571428571429,20.467532467532468,112.54025974025974
2020-21,1610612739,Cleveland Cavaliers,72,22,50,0.3055555555555556,103.83333333333333,112.27777777777777,-8.444444444444445,0.4505277777777778,0.3367777777777778,0.742736111111111,42.75,10.430555555555555,32.31944444444444,23.833333333333332,15.472222222222221,7.763888888888889,4.513888888888889,18.166666666666668,104.01388888888889
2020-21,1610612740,New Orleans Pelicans,72,31,41,0.4305555555555556,114.59722222222223,114.88888888888889,-0.2916666666666667,0.47876388888888893,0.3469027777777778,0.7271388888888889,47.40277777777778,11.73611111111111,35.666666666666664,26.0,14.61111111111111,7.569444444444445,4.375,17.98611111111111,114.84166666666667
2020-21,1610612741,Chicago Bulls,72,31,41,0.4305555555555556,110.68055555555556,111.56944444444444,-0.8888888888888888,0.4771944444444444,0.3655277777777778,0.7919444444444445,44.958333333333336,9.625,35.333333333333336,26.76388888888889,15.125,6.694444444444445,4.222222222222222,18.916666666666668,110.63888888888889
2020-21,1610612742,Dallas Mavericks,79,45,34,0.569620253164557,111.87341772151899,110.26582278481013,1.6075949367088607,0.46926582278481016,0.3615189873417722,0.7704050632911392,43.08860759493671,9.227848101265822,33.860759493670884,22.68354430379747,11.974683544303797,6.189873417721519,4.1265822784810124,19.468354430379748,112.09367088607594
2020-21,1610612743,Denver Nuggets,82,51,31,0.6219512195121951,115.02439024390245,111.36585365853658,3.658536585365854,0.4827073170731707,0.3786341463414634,0.7989024390243903,44.34146341463415,10.670731707317072,33.670731707317074,26.609756097560975,13.21951219512195,7.841463414634147,4.463414634146342,19.24390243902439,115.03414634146341
2020-21,1610612744,Golden State Warriors,72,39,33,0.5416666666666666,113.70833333333333,112.65277777777777,1.0555555555555556,0.4691666666666667,0.37419444444444444,0.782875,43.02777777777778,7.972222222222222,35.05555555555556,27.65277777777778,15.0,8.152777777777779,4.75,21.194444444444443,113.525
2020-21,1610612745,Houston Rockets,72,17,55,0.2361111111111111,108.79166666666667,116.69444444444444,-7.902777777777778,0.4441111111111111,0.33863888888888893,0.7410972222222223,42.59722222222222,9.319444444444445,33.27777777777778,23.59722222222222,14.722222222222221,7.583333333333333,5.013888888888889,19.541666666666668,108.45277777777778
2020-21,1610612746,LA Clippers,91,57,34,0.6263736263736264,113.50549450549451,107.76923076923077,5.736263736263736,0.4818791208791209,0.40516483516483515,0.8374505494505494,43.527472527472526,9.285714285714286,34.24175824175824,23.63736263736264,12.659340659340659,7.010989010989011,4.131868131868132,19.263736263736263,113.35164835164835
2020-21,1610612747,Los Angeles Lakers,78,44,34,0.5641025641025641,108.61538461538461,106.53846153846153,2.076923076923077,0.46762820512820513,0.3490128205128205,0.7412820512820513,44.15384615384615,9.717948717948717,34.43589743589744,24.243589743589745,15.102564102564102,7.717948717948718,5.256410256410256,19.23076923076923,108.8923076923077
2020-21,1610612748,Miami Heat,76,40,36,0.5263157894736842,107.53947368421052,108.59210526315789,-1.0526315789473684,0.4648026315789474,0.3573157894736842,0.7898026315789474,41.53947368421053,8.092105263157896,33.44736842105263,26.06578947368421,14.06578947368421,7.868421052631579,3.9473684210526314,19.013157894736842,107.65789473684211
2020-21,1610612749,Milwaukee Bucks,95,62,33,0.6526315789473685,117.74736842105263,112.0421052631579,5.705263157894737,0.48176842105263157,0.3688105263157895,0.7473578947368421,48.32631578947368,10.905263157894737,37.421052631578945,24.83157894736842,13.557894736842105,8.052631578947368,4.536842105263158,17.442105263157895,117.57263157894737
2020-21,1610612750,Minnesota Timberwolves,72,23,49,0.3194444444444444,112.125,117.68055555555556,-5.555555555555555,0.4486944444444444,0.3495416666666667,0.7616527777777777,43.513888888888886,10.51388888888889,33.0,25.63888888888889,14.26388888888889,8.777777777777779,5.527777777777778,20.930555555555557,111.91111111111111
2020-21,1610612751,Brooklyn Nets,84,55,29,0.6547619047619048,117.70238095238095,112.94047619047619,4.761904761904762,0.4921190476190476,0.3880119047619047,0.8109285714285713,44.166666666666664,8.797619047619047,35.36904761904762,26.19047619047619,13.261904761904763,6.773809523809524,5.2023809523809526,19.345238095238095,117.79047619047618
2020-21,1610612752,New York Knicks,77,42,35,0.5454545454545454,106.37662337662337,104.67532467532467,1.7012987012987013,0.4528441558441558,0.38803896103896107,0.7872337662337662,45.22077922077922,9.805194805194805,35.41558441558441,21.22077922077922,12.896103896103897,6.961038961038961,4.922077922077922,20.415584415584416,107.02857142857144
2020-21,1610612753,Orlando Magic,72,21,51,0.2916666666666667,104.0,113.30555555555556,-9.305555555555555,0.42919444444444443,0.33902777777777776,0.7758333333333334,45.44444444444444,10.375,35.06944444444444,21.819444444444443,12.833333333333334,6.888888888888889,4.416666666666667,17.180555555555557,103.99166666666666
2020-21,1610612754,Indiana Pacers,72,34,38,0.4722222222222222,115.30555555555556,115.34722222222223,-0.041666666666666664,0.4754027777777778,0.36469444444444443,0.7906527777777778,42.666666666666664,9.0,33.666666666666664,27.40277777777778,13.541666666666666,8.48611111111111,6.388888888888889,20.180555555555557,114.69444444444444
2020-21,1610612755,Philadelphia 76ers,84,56,28,0.6666666666666666,114.01190476190476,108.1547619047619,5.857142857142857,0.4797142857142857,0.379,0.7555238095238095,45.0,9.880952380952381,35.11904761904762,23.86904761904762,14.214285714285714,8.94047619047619,6.2023809523809526,20.61904761904762,114.01428571428572
2020-21,1610612756,Phoenix Suns,94,65,29,0.6914893617021277,113.80851063829788,108.30851063829788,5.5,0.48904255319148937,0.3763510638297873,0.8412446808510639,42.88297872340426,8.563829787234043,34.319148936170215,26.06382978723404,12.382978723404255,7.01063829787234,4.297872340425532,19.23404255319149,114.28085106382979
2020-21,1610612757,Portland Trail Blazers,78,44,34,0.5641025641025641,116.37179487179488,114.82051282051282,1.5512820512820513,0.45626923076923076,0.3882820512820513,0.8236153846153846,44.32051282051282,10.538461538461538,33.782051282051285,21.384615384615383,11.153846153846153,6.756410256410256,5.076923076923077,19.243589743589745,116.14615384615384
2020-21,1610612758,Sacramento Kings,72,31,41,0.4305555555555556,113.73611111111111,117.41666666666667,-3.6805555555555554,0.4821944444444445,0.36375,0.7412083333333332,41.40277777777778,9.36111111111111,32.041666666666664,25.5,13.375,7.541666666666667,4.972222222222222,19.444444444444443,114.16388888888888
2020-21,1610612759,San Antonio Spurs,72,33,39,0.4583333333333333,111.08333333333333,112.81944444444444,-1.7361111111111112,0.46269444444444446,0.3467777777777778,0.7930972222222222,43.861111111111114,9.291666666666666,34.56944444444444,24.430555555555557,11.402777777777779,7.013888888888889,5.083333333333333,17.958333333333332,111.29166666666667
2020-21,1610612760,Oklahoma City Thunder,72,22,50,0.3055555555555556,105.0,115.63888888888889,-10.63888888888889,0.442,0.33947222222222223,0.7241666666666666,45.59722222222222,9.930555555555555,35.666666666666664,22.055555555555557,16.13888888888889,7.0,4.388888888888889,18.125,104.83333333333333
2020-21,1610612761,Toronto Raptors,72,27,45,0.375,111.26388888888889,111.73611111111111,-0.4722222222222222,0.44904166666666673,0.3676111111111111,0.8130694444444444,41.583333333333336,9.444444444444445,32.138888888888886,24.09722222222222,13.222222222222221,8.583333333333334,5.388888888888889,21.194444444444443,111.03888888888889
2020-21,1610612762,Utah Jazz,83,58,25,0.6987951807228916,116.48192771084338,108.56626506024097,7.9156626506024095,0.4694939759036145,0.3918915662650603,0.7946144578313253,47.46987951807229,10.457831325301205,37.01204819277108,23.120481927710845,14.108433734939759,6.397590361445783,5.0120481927710845,18.93975903614458,116.12771084337349
2020-21,1610612763,Memphis Grizzlies,77,39,38,0.5064935064935064,113.40259740259741,112.98701298701299,0.4155844155844156,0.46725974025974026,0.3533246753246753,0.7794545454545455,46.12987012987013,11.155844155844155,34.97402597402598,26.5974025974026,13.103896103896103,9.025974025974026,4.987012987012987,18.857142857142858,113.36623376623378
2020-21,1610612764,Washington Wizards,77,35,42,0.45454545454545453,116.20779220779221,118.83116883116882,-2.6233766233766236,0.4736233766233766,0.3496233766233766,0.7696103896103896,45.077922077922075,9.74025974025974,35.33766233766234,25.285714285714285,14.324675324675324,7.1688311688311686,4.1688311688311686,21.753246753246753,116.00259740259742
2020-21,1610612765,Detroit Pistons,72,20,52,0.2777777777777778,106.61111111111111,111.08333333333333,-4.472222222222222,0.45240277777777776,0.3515,0.7576111111111111,42.708333333333336,9.63888888888889,33.06944444444444,24.208333333333332,14.930555555555555,7.375,5.152777777777778,20.51388888888889,106.6
2020-21,1610612766,Charlotte Hornets,72,33,39,0.4583333333333333,109.45833333333333,111.38888888888889,-1.9305555555555556,0.45538888888888884,0.3679722222222222,0.7547777777777778,43.763888888888886,10.583333333333334,33.18055555555556,26.84722222222222,14.847222222222221,7.847222222222222,4.777777777777778,18.02777777777778,109.78888888888889
2021-22,1610612737,Atlanta Hawks,87,44,43,0.5057471264367817,112.98850574712644,112.20689655172414,0.7816091954022989,0.46922988505747126,0.3691149425287356,0.8094252873563219,43.71264367816092,9.954022988505747,33.758620689655174,24.25287356321839,12.114942528735632,7.080459770114943,4.137931034482759,18.873563218390803,113.27586206896552
2021-22,1610612738,Boston Celtics,106,65,41,0.6132075471698113,110.34905660377359,103.90566037735849,6.443396226415095,0.46305660377358493,0.3561792452830189,0.8132264150943396,45.35849056603774,10.179245283018869,35.179245283018865,24.754716981132077,13.877358490566039,7.028301886792453,5.9245283018867925,19.037735849056602,110.76415094339623
2021-22,1610612739,Cleveland Cavaliers,82,44,38,0.5365853658536586,107.79268292682927,105.67073170731707,2.1219512195121952,0.46967073170731705,0.35281707317073174,0.7667073170731707,44.18292682926829,10.207317073170731,33.97560975609756,25.170731707317074,14.402439024390244,7.073170731707317,4.182926829268292,17.475609756097562,107.46585365853659
2021-22,1610612740,New Orleans Pelicans,88,38,50,0.4318181818181818,109.32954545454545,110.35227272727273,-1.0227272727272727,0.45837500000000003,0.336375,0.789590909090909,45.23863636363637,12.181818181818182,33.05681818181818,24.71590909090909,14.090909090909092,8.159090909090908,3.965909090909091,19.761363636363637,109.34772727272728
2021-22,1610612741,Chicago Bulls,87,47,40,0.5402298850574713,110.66666666666667,111.8735632183908,-1.206896551724138,0.47590804597701153,0.36235632183908045,0.8081724137931036,42.42528735632184,8.64367816091954,33.7816091954023,23.82758620689655,12.850574712643677,7.172413793103448,4.045977011494253,18.770114942528735,110.94022988505746
2021-22,1610612742,Dallas Mavericks,100,61,39,0.61,107.72,104.88,2.84,0.45975,0.35592,0.7757999999999999,41.85,8.76,33.09,22.63,12.09,6.81,3.75,19.92,107.544
2021-22,1610612743,Denver Nuggets,87,49,38,0.5632183908045977,112.5632183908046,110.85057471264368,1.7126436781609196,0.48349425287356323,0.3519080459770115,0.7963678160919541,43.97701149425287,9.28735632183908,34.689655172413794,27.632183908045977,14.60919540229885,7.206896551724138,3.7011494252873565,20.275862068965516,112.51034482758621
2021-22,1610612744,Golden State Warriors,104,69,35,0.6634615384615384,111.1826923076923,105.75,5.4326923076923075,0.4720192307692308,0.367125,0.7728365384615384,45.15384615384615,9.76923076923077,35.38461538461539,27.08653846153846,14.817307692307692,8.548076923076923,4.625,21.125,111.475
2021-22,1610612745,Houston Rockets,82,20,62,0.24390243902439024,109.71951219512195,118.1951219512195,-8.475609756097562,0.4569756097560976,0.34585365853658534,0.712719512195122,42.02439024390244,9.585365853658537,32.4390243902439,23.5609756097561,16.475609756097562,7.317073170731708,4.658536585365853,20.634146341463413,109.66097560975611
2021-22,1610612746,LA Clippers,82,42,40,0.5121951219512195,108.41463414634147,108.39024390243902,0.024390243902439025,0.458780487804878,0.37303658536585366,0.7897439024390244,43.98780487804878,9.109756097560975,34.8780487804878,24.01219512195122,13.731707317073171,7.414634146341464,4.951219512195122,18.634146341463413,107.87317073170732
2021-22,1610612747,Los Angeles Lakers,82,33,49,0.4024390243902439,112.09756097560975,115.14634146341463,-3.048780487804878,0.4691463414634146,0.3468170731707317,0.7352073170731708,44.0,9.536585365853659,34.46341463414634,24.0,14.524390243902438,7.634146341463414,5.182926829268292,20.170731707317074,111.29268292682927
2021-22,1610612748,Miami Heat,100,64,36,0.64,108.98,104.64,4.34,0.46424,0.36695999999999995,0.80948,43.24,9.84,33.4,24.84,14.27,7.56,3.31,20.65,108.99600000000001
2021-22,1610612749,Milwaukee Bucks,94,58,36,0.6170212765957447,113.86170212765957,110.74468085106383,3.117021276595745,0.4644255319148936,0.3599148936170213,0.769595744680851,47.180851063829785,10.180851063829786,37.0,23.51063829787234,13.457446808510639,7.4361702127659575,4.042553191489362,18.329787234042552,114.26595744680851
2021-22,1610612750,Minnesota Timberwolves,88,48,40,0.5454545454545454,115.47727272727273,113.39772727272727,2.0795454545454546,0.4570568181818182,0.36134090909090905,0.778625,43.875,10.943181818181818,32.93181818181818,25.488636363636363,14.556818181818182,8.75,5.761363636363637,22.125,115.725
2021-22,1610612751,Brooklyn Nets,86,44,42,0.5116279069767442,112.72093023255815,112.18604651162791,0.5348837209302325,0.4779302325581395,0.36290697674418604,0.8013139534883721,43.906976744186046,10.209302325581396,33.69767441860465,25.11627906976744,14.116279069767442,7.1395348837209305,5.511627906976744,20.569767441860463,112.6046511627907
2021-22,1610612752,New York Knicks,82,37,45,0.45121951219512196,106.47560975609755,106.59756097560975,-0.12195121951219512,0.43697560975609756,0.35668292682926833,0.7431951219512195,46.1219512195122,11.475609756097562,34.646341463414636,21.865853658536587,13.25609756097561,6.951219512195122,4.865853658536586,20.390243902439025,106.12682926829268
2021-22,1610612753,Orlando Magic,82,22,60,0.2682926829268293,104.23170731707317,112.23170731707317,-8.0,0.43403658536585366,0.3298048780487805,0.7877560975609756,44.28048780487805,9.097560975609756,35.18292682926829,23.74390243902439,14.487804878048781,6.7682926829268295,4.475609756097561,19.658536585365855,104.02682926829269
2021-22,1610612754,Indiana Pacers,82,25,57,0.3048780487804878,111.46341463414635,114.9390243902439,-3.475609756097561,0.4637317073170732,0.3444878048780488,0.7714878048780488,43.853658536585364,11.28048780487805,32.573170731707314,25.378048780487806,14.426829268292684,7.097560975609756,5.573170731707317,20.426829268292682,111.43658536585365
2021-22,1610612755,Philadelphia 76ers,94,57,37,0.6063829787234043,109.24468085106383,106.92553191489361,2.3191489361702127,0.4672446808510638,0.3652021276595745,0.8217234042553192,41.8936170212766,8.425531914893616,33.46808510638298,23.46808510638298,12.808510638297872,7.51063829787234,5.180851063829787,19.54255319148936,109.37659574468084
2021-22,1610612756,Phoenix Suns,95,71,24,0.7473684210526316,113.84210526315789,107.50526315789473,6.336842105263158,0.4874631578947368,0.3640842105263158,0.798021052631579,44.589473684210525,9.726315789473684,34.863157894736844,27.13684210526316,12.978947368421053,8.294736842105262,4.294736842105263,20.263157894736842,114.08631578947369
2021-22,1610612757,Portland Trail Blazers,82,27,55,0.32926829268292684,106.23170731707317,115.10975609756098,-8.878048780487806,0.4431951219512195,0.3424390243902439,0.7564878048780488,42.86585365853659,10.414634146341463,32.451219512195124,22.926829268292682,14.475609756097562,8.012195121951219,4.463414634146342,21.073170731707318,107.18048780487804
2021-22,1610612758,Sacramento Kings,82,30,52,0.36585365853658536,110.3048780487805,115.76829268292683,-5.463414634146342,0.46092682926829265,0.3462682926829268,0.7685609756097561,42.9390243902439,9.560975609756097,33.3780487804878,23.695121951219512,14.097560975609756,7.170731707317073,4.5,18.926829268292682,110.28048780487805
2021-22,1610612759,San Antonio Spurs,82,34,48,0.4146341463414634,113.15853658536585,113.03658536585365,0.12195121951219512,0.4670243902439024,0.35059756097560973,0.7547439024390244,45.31707317073171,10.987804878048781,34.329268292682926,27.914634146341463,12.71951219512195,7.634146341463414,4.914634146341464,18.085365853658537,113.1219512195122
2021-22,1610612760,Oklahoma City Thunder,82,24,58,0.2926829268292683,103.73170731707317,111.82926829268293,-8.097560975609756,0.4301341463414634,0.3228780487804878,0.7559878048780487,45.6219512195122,10.414634146341463,35.207317073170735,22.21951219512195,13.963414634146341,7.585365853658536,4.634146341463414,18.25609756097561,103.98048780487804
2021-22,1610612761,Toronto Raptors,88,50,38,0.5681818181818182,108.9659090909091,107.39772727272727,1.5681818181818181,0.4457840909090909,0.3457840909090909,0.7640113636363637,44.79545454545455,13.125,31.670454545454547,21.96590909090909,12.284090909090908,8.840909090909092,4.6022727272727275,19.772727272727273,109.11136363636363
2021-22,1610612762,Utah Jazz,88,51,37,0.5795454545454546,112.61363636363636,107.375,5.238636363636363,0.4697840909090909,0.3542045454545455,0.7722613636363637,46.23863636363637,10.681818181818182,35.55681818181818,22.03409090909091,13.840909090909092,6.954545454545454,4.818181818181818,19.079545454545453,113.04545454545455
2021-22,1610612763,Memphis Grizzlies,94,62,32,0.6595744680851063,115.2127659574468,109.94680851063829,5.26595744680851,0.4588191489361702,0.35387234042553195,0.7382659574468086,48.744680851063826,13.914893617021276,34.829787234042556,25.882978723404257,13.297872340425531,9.680851063829786,6.446808510638298,19.882978723404257,115.28936170212766
2021-22,1610612764,Washington Wizards,82,35,47,0.4268292682926829,108.6219512195122,112.0,-3.3780487804878048,0.4721951219512195,0.3429390243902439,0.7800487804878049,43.109756097560975,8.987804878048781,34.1219512195122,25.024390243902438,13.134146341463415,6.365853658536586,4.951219512195122,18.841463414634145,108.79024390243902
2021-22,1610612765,Detroit Pistons,82,23,59,0.2804878048780488,104.82926829268293,112.54878048780488,-7.719512195121951,0.4313902439024391,0.3271829268292683,0.7814390243902439,42.98780487804878,10.975609756097562,32.01219512195122,23.463414634146343,14.182926829268293,7.682926829268292,4.7926829268292686,21.9390243902439,104.64146341463415
2021-22,1610612766,Charlotte Hornets,82,43,39,0.524390243902439,115.32926829268293,114.89024390243902,0.43902439024390244,0.46993902439024393,0.3652073170731707,0.7422439024390244,44.573170731707314,10.829268292682928,33.74390243902439,28.073170731707318,13.25609756097561,8.621951219512194,4.902439024390244,19.865853658536587,114.82439024390244
2022-23,1610612737,Atlanta Hawks,88,43,45,0.48863636363636365,118.25,118.3409090909091,-0.09090909090909091,0.4825568181818182,0.3544772727272727,0.8180795454545454,44.34090909090909,11.284090909090908,33.05681818181818,24.954545454545453,12.920454545454545,7.113636363636363,4.886363636363637,18.625,117.68636363636364
2022-23,1610612738,Boston Celtics,102,68,34,0.6666666666666666,116.76470588235294,110.86274509803921,5.901960784313726,0.47665686274509805,0.37304901960784315,0.809235294117647,44.88235294117647,9.656862745098039,35.22549019607843,26.166666666666668,13.166666666666666,6.284313725490196,5.46078431372549,18.480392156862745,116.70196078431373
2022-23,1610612739,Cleveland Cavaliers,87,52,35,0.5977011494252874,111.2183908045977,106.45977011494253,4.758620689655173,0.4872528735632184,0.363816091954023,0.7811724137931035,40.86206896551724,9.666666666666666,31.195402298850574,24.770114942528735,13.482758620689655,7.126436781609195,4.64367816091954,19.103448275862068,111.83218390804598
2022-23,1610612740,New Orleans Pelicans,82,42,40,0.5121951219512195,114.36585365853658,112.47560975609755,1.8902439024390243,0.48135365853658535,0.3615609756097561,0.7949024390243903,43.69512195121951,10.560975609756097,33.13414634146341,25.878048780487806,14.585365853658537,8.304878048780488,4.109756097560975,20.463414634146343,114.18048780487804
2022-23,1610612741,Chicago Bulls,82,40,42,0.4878048780487805,113.1219512195122,111.82926829268293,1.2926829268292683,0.4914512195121951,0.357,0.8077560975609757,42.353658536585364,8.463414634146341,33.890243902439025,24.463414634146343,13.378048780487806,7.853658536585366,4.524390243902439,18.914634146341463,112.91463414634147
2022-23,1610612742,Dallas Mavericks,82,38,44,0.4634146341463415,114.21951219512195,114.14634146341463,0.07317073170731707,0.476280487804878,0.3713170731707317,0.7491463414634146,38.792682926829265,7.621951219512195,31.170731707317074,22.926829268292682,12.21951219512195,6.2682926829268295,3.707317073170732,20.695121951219512,114.05853658536584
2022-23,1610612743,Denver Nuggets,102,69,33,0.6764705882352942,115.33333333333333,111.02941176470588,4.303921568627451,0.5028333333333334,0.37499019607843137,0.7619901960784313,43.35294117647059,10.088235294117647,33.26470588235294,28.264705882352942,13.96078431372549,7.401960784313726,4.431372549019608,18.725490196078432,115.48235294117647
2022-23,1610612744,Golden State Warriors,95,50,45,0.5263157894736842,118.13684210526316,116.6,1.5368421052631578,0.4756,0.37864210526315795,0.7886315789473685,44.93684210526316,10.810526315789474,34.126315789473686,29.6,16.03157894736842,7.178947368421053,4.042105263157895,21.621052631578948,118.0778947368421
2022-23,1610612745,Houston Rockets,82,22,60,0.2682926829268293,110.7439024390244,118.59756097560975,-7.853658536585366,0.45720731707317075,0.32314634146341464,0.7520975609756098,46.28048780487805,13.414634146341463,32.86585365853659,22.378048780487806,16.24390243902439,7.317073170731708,4.560975609756097,20.475609756097562,110.72926829268292
2022-23,1610612746,LA Clippers,87,45,42,0.5172413793103449,113.70114942528735,113.59770114942529,0.10344827586206896,0.4780689655172414,0.3760689655172414,0.7775977011494253,43.04597701149425,9.908045977011493,33.13793103448276,23.75862068965517,14.218390804597702,7.045977011494253,4.425287356321839,19.689655172413794,113.86436781609196
2022-23,1610612747,Los Angeles Lakers,98,51,47,0.5204081632653061,116.37755102040816,115.51020408163265,0.8673469387755102,0.4813163265306123,0.346234693877551,0.7794081632653062,45.53061224489796,9.826530612244898,35.704081632653065,25.214285714285715,13.724489795918368,6.479591836734694,4.8979591836734695,17.806122448979593,116.74081632653062
2022-23,1610612748,Miami Heat,105,57,48,0.5428571428571428,109.22857142857143,109.14285714285714,0.08571428571428572,0.4603809523809524,0.3529809523809524,0.8261714285714287,40.523809523809526,9.6,30.923809523809524,23.78095238095238,13.095238095238095,7.771428571428571,3.0952380952380953,18.83809523809524,109.2647619047619
2022-23,1610612749,Milwaukee Bucks,87,59,28,0.6781609195402298,117.04597701149426,113.91954022988506,3.1264367816091956,0.4741149425287356,0.36847126436781613,0.7447471264367816,48.39080459770115,11.091954022988507,37.298850574712645,25.850574712643677,14.60919540229885,6.367816091954023,4.839080459770115,18.091954022988507,116.48275862068965
2022-23,1610612750,Minnesota Timberwolves,87,43,44,0.4942528735632184,115.183908045977,115.72413793103448,-0.5402298850574713,0.49008045977011494,0.36275862068965514,0.7546436781609195,41.735632183908045,9.091954022988507,32.64367816091954,25.95402298850575,15.195402298850574,7.931034482758621,5.379310344827586,21.563218390804597,115.11724137931036
2022-23,1610612751,Brooklyn Nets,86,45,41,0.5232558139534884,112.38372093023256,112.09302325581395,0.29069767441860467,0.4864069767441861,0.3779651162790698,0.7971279069767442,40.25581395348837,8.104651162790697,32.151162790697676,25.372093023255815,13.674418604651162,7.046511627906977,6.058139534883721,20.837209302325583,112.78604651162792
2022-23,1610612752,New York Knicks,93,53,40,0.5698924731182796,114.13978494623656,111.51612903225806,2.6236559139784945,0.4666774193548387,0.34640860215053765,0.7563655913978494,46.45161290322581,12.612903225806452,33.83870967741935,22.43010752688172,13.182795698924732,6.494623655913978,4.182795698924731,20.21505376344086,114.32043010752687
2022-23,1610612753,Orlando Magic,82,34,48,0.4146341463414634,111.41463414634147,113.97560975609755,-2.5609756097560976,0.4714512195121951,0.34807317073170735,0.7846341463414634,43.24390243902439,10.158536585365853,33.08536585365854,23.24390243902439,15.073170731707316,7.353658536585366,4.658536585365853,20.146341463414632,111.75121951219512
2022-23,1610612754,Indiana Pacers,82,35,47,0.4268292682926829,116.28048780487805,119.46341463414635,-3.182926829268293,0.4699146341463415,0.3659512195121951,0.7890121951219512,41.548780487804876,10.146341463414634,31.402439024390244,26.98780487804878,14.926829268292684,7.695121951219512,5.829268292682927,21.23170731707317,116.16585365853659
2022-23,1610612755,Philadelphia 76ers,93,61,32,0.6559139784946236,113.72043010752688,110.09677419354838,3.6236559139784945,0.48165591397849467,0.38149462365591397,0.8412473118279571,41.17204301075269,8.870967741935484,32.30107526881721,24.440860215053764,13.516129032258064,7.731182795698925,4.806451612903226,20.225806451612904,113.6989247311828
2022-23,1610612756,Phoenix Suns,93,51,42,0.5483870967741935,113.70967741935483,112.15053763440861,1.5591397849462365,0.47154838709677416,0.3704623655913979,0.7975806451612903,43.74193548387097,11.526881720430108,32.215053763440864,26.93548387096774,13.365591397849462,7.032258064516129,5.311827956989247,21.301075268817204,113.39569892473118
2022-23,1610612757,Portland Trail Blazers,82,33,49,0.4024390243902439,113.40243902439025,117.41463414634147,-4.012195121951219,0.4747682926829268,0.3641463414634146,0.7976585365853659,40.548780487804876,9.439024390243903,31.109756097560975,24.158536585365855,14.451219512195122,6.7439024390243905,4.585365853658536,20.036585365853657,112.6560975609756
2022-23,1610612758,Sacramento Kings,89,51,38,0.5730337078651685,120.15730337078652,117.88764044943821,2.269662921348315,0.48941573033707864,0.36321348314606744,0.7896292134831461,42.86516853932584,9.887640449438202,32.97752808988764,26.865168539325843,13.539325842696629,7.056179775280899,3.4269662921348316,19.93258426966292,120.0561797752809
2022-23,1610612759,San Antonio Spurs,82,22,60,0.2682926829268293,113.03658536585365,123.07317073170732,-10.036585365853659,0.4674146341463415,0.34648780487804876,0.7402682926829268,43.707317073170735,11.768292682926829,31.9390243902439,27.21951219512195,15.28048780487805,6.975609756097561,3.926829268292683,19.878048780487806,112.60487804878049
2022-23,1610612760,Oklahoma City Thunder,82,40,42,0.4878048780487805,117.47560975609755,116.39024390243902,1.0853658536585367,0.4665853658536585,0.356890243902439,0.8043536585365852,43.65853658536585,11.390243902439025,32.26829268292683,24.414634146341463,13.048780487804878,8.24390243902439,4.158536585365853,21.0,116.95121951219512
2022-23,1610612761,Toronto Raptors,82,41,41,0.5,112.85365853658537,111.3780487804878,1.475609756097561,0.45956097560975606,0.3361585365853659,0.7870609756097561,43.02439024390244,12.71951219512195,30.304878048780488,23.914634146341463,11.658536585365853,9.414634146341463,5.170731707317073,20.01219512195122,112.66341463414633
2022-23,1610612762,Utah Jazz,82,37,45,0.45121951219512196,117.07317073170732,118.01219512195122,-0.9390243902439024,0.47414634146341467,0.35198780487804876,0.7821585365853658,45.8780487804878,11.804878048780488,34.073170731707314,25.963414634146343,15.353658536585366,6.097560975609756,5.2317073170731705,20.475609756097562,116.54146341463414
2022-23,1610612763,Memphis Grizzlies,88,53,35,0.6022727272727273,116.07954545454545,112.92045454545455,3.159090909090909,0.47029545454545457,0.3472954545454546,0.7478181818181817,46.61363636363637,12.125,34.48863636363637,25.852272727272727,13.568181818181818,8.181818181818182,5.613636363636363,20.068181818181817,116.26818181818182
2022-23,1610612764,Washington Wizards,82,35,47,0.4268292682926829,113.15853658536585,114.36585365853658,-1.2073170731707317,0.486890243902439,0.35423170731707315,0.7874268292682927,43.63414634146341,9.439024390243903,34.19512195121951,25.402439024390244,14.121951219512194,6.841463414634147,5.170731707317073,18.76829268292683,112.93414634146342
2022-23,1610612765,Detroit Pistons,82,17,65,0.2073170731707317,110.3048780487805,118.52439024390245,-8.21951219512195,0.4547682926829268,0.3478780487804878,0.7717560975609756,42.4390243902439,11.170731707317072,31.26829268292683,22.975609756097562,15.085365853658537,7.0,3.7560975609756095,22.109756097560975,110.45853658536586
2022-23,1610612766,Charlotte Hornets,82,27,55,0.32926829268292684,110.95121951219512,117.1951219512195,-6.2439024390243905,0.45834146341463416,0.3294756097560976,0.7491585365853658,44.53658536585366,10.987804878048781,33.548780487804876,25.146341463414632,14.195121951219512,7.7317073170731705,5.182926829268292,20.25609756097561,111.4560975609756
2023-24,1610612737,Atlanta Hawks,82,36,46,0.43902439024390244,118.32926829268293,120.51219512195122,-2.182926829268293,0.4664146341463415,0.36415853658536584,0.7942926829268293,44.670731707317074,12.487804878048781,32.18292682926829,26.585365853658537,13.536585365853659,7.5,4.5,18.5609756097561,118.55365853658536
2023-24,1610612738,Boston Celtics,102,81,21,0.7941176470588235,118.31372549019608,107.5,10.813725490196079,0.48410784313725486,0.3826960784313725,0.8011960784313725,45.69607843137255,10.490196078431373,35.205882352941174,26.333333333333332,11.843137254901961,6.686274509803922,6.333333333333333,16.019607843137255,118.29607843137255
2023-24,1610612739,Cleveland Cavaliers,96,55,41,0.5729166666666666,110.47916666666667,108.86458333333333,1.6145833333333333,0.4746875,0.3582083333333333,0.7598124999999999,42.885416666666664,9.635416666666666,33.25,27.010416666666668,13.447916666666666,7.34375,4.635416666666667,17.895833333333332,110.31666666666666
2023-24,1610612740,New Orleans Pelicans,87,49,38,0.5632183908045977,113.63218390804597,110.2183908045977,3.413793103448276,0.48154022988505746,0.3719080459770115,0.7744482758620689,44.12643678160919,10.563218390804598,33.5632183908046,26.551724137931036,13.25287356321839,8.344827586206897,4.620689655172414,18.436781609195403,114.2367816091954
2023-24,1610612741,Chicago Bulls,82,39,43,0.47560975609756095,112.26829268292683,113.70731707317073,-1.4390243902439024,0.4713536585365854,0.3569024390243903,0.7927439024390244,43.81707317073171,11.170731707317072,32.646341463414636,24.975609756097562,12.24390243902439,7.780487804878049,4.804878048780488,18.79268292682927,111.80975609756098
2023-24,1610612742,Dallas Mavericks,105,63,42,0.6,115.16190476190476,113.00952380952381,2.1523809523809523,0.4779142857142857,0.3643142857142857,0.746447619047619,42.95238095238095,9.952380952380953,33.0,24.61904761904762,12.495238095238095,6.742857142857143,5.057142857142857,18.4,115.47809523809525
2023-24,1610612743,Denver Nuggets,96,66,30,0.6875,113.11458333333333,108.75,4.364583333333333,0.49123958333333334,0.36720833333333336,0.7706041666666666,44.239583333333336,10.666666666666666,33.572916666666664,28.822916666666668,12.447916666666666,7.03125,5.364583333333333,18.145833333333332,113.35833333333333
2023-24,1610612744,Golden State Warriors,82,46,36,0.5609756097560976,117.76829268292683,115.15853658536585,2.6097560975609757,0.47793902439024394,0.3790609756097561,0.777219512195122,46.707317073170735,12.146341463414634,34.5609756097561,29.29268292682927,14.317073170731707,6.975609756097561,4.597560975609756,19.48780487804878,117.55609756097562
2023-24,1610612745,Houston Rockets,82,41,41,0.5,114.32926829268293,113.20731707317073,1.1219512195121952,0.4594756097560976,0.3520609756097561,0.7693292682926829,45.451219512195124,11.463414634146341,33.98780487804878,24.817073170731707,12.74390243902439,7.7926829268292686,4.573170731707317,20.75609756097561,114.27317073170731
2023-24,1610612746,LA Clippers,89,54,35,0.6067415730337079,114.51685393258427,111.80898876404494,2.707865168539326,0.4852359550561798,0.3832247191011236,0.8276853932584269,42.92134831460674,10.101123595505618,32.82022471910113,25.15730337078652,13.179775280898877,7.662921348314606,4.887640449438202,18.853932584269664,114.90337078651685
2023-24,1610612747,Los Angeles Lakers,89,48,41,0.5393258426966292,117.0,116.71910112359551,0.2808988764044944,0.4989325842696629,0.36951685393258427,0.7754606741573035,42.87640449438202,8.123595505617978,34.752808988764045,28.168539325842698,13.797752808988765,7.235955056179775,5.426966292134831,15.741573033707866,117.02247191011236
2023-24,1610612748,Miami Heat,88,47,41,0.5340909090909091,108.94318181818181,108.42045454545455,0.5227272727272727,0.46404545454545454,0.36613636363636365,0.8203636363636363,41.85227272727273,9.079545454545455,32.77272727272727,25.511363636363637,12.579545454545455,7.318181818181818,3.272727272727273,17.181818181818183,109.08181818181819
2023-24,1610612749,Milwaukee Bucks,89,52,37,0.5842696629213483,118.26966292134831,115.87640449438203,2.393258426966292,0.48678651685393254,0.371314606741573,0.7773820224719101,44.10112359550562,9.370786516853933,34.73033707865169,26.179775280898877,12.752808988764045,6.685393258426966,4.910112359550562,19.191011235955056,118.49662921348316
2023-24,1610612750,Minnesota Timberwolves,99,66,33,0.6666666666666666,112.16161616161617,105.88888888888889,6.2727272727272725,0.48360606060606065,0.38246464646464645,0.7741212121212122,43.515151515151516,9.626262626262626,33.888888888888886,26.19191919191919,13.858585858585858,7.787878787878788,5.777777777777778,19.2020202020202,112.29090909090908
2023-24,1610612751,Brooklyn Nets,82,32,50,0.3902439024390244,110.36585365853658,113.2560975609756,-2.8902439024390243,0.45710975609756094,0.3618170731707317,0.7619390243902439,44.0609756097561,11.439024390243903,32.6219512195122,25.634146341463413,13.121951219512194,6.780487804878049,5.170731707317073,18.48780487804878,110.26341463414634
2023-24,1610612752,New York Knicks,97,59,38,0.6082474226804123,112.29896907216495,108.5979381443299,3.7010309278350517,0.4632474226804124,0.3716185567010309,0.7792989690721649,44.96907216494845,12.876288659793815,32.09278350515464,24.051546391752577,12.896907216494846,7.185567010309279,4.319587628865979,17.670103092783506,112.12577319587629
2023-24,1610612753,Orlando Magic,91,50,41,0.5494505494505495,109.10989010989012,107.20879120879121,1.901098901098901,0.47050549450549456,0.34682417582417585,0.7585164835164836,42.472527472527474,10.626373626373626,31.846153846153847,24.087912087912088,14.68131868131868,8.186813186813186,5.175824175824176,19.956043956043956,109.08791208791209
2023-24,1610612754,Indiana Pacers,100,55,45,0.55,121.4,118.87,2.53,0.50719,0.37165,0.7755799999999999,41.58,10.16,31.42,30.5,12.76,7.28,5.68,21.2,121.766
2023-24,1610612755,Philadelphia 76ers,90,49,41,0.5444444444444444,113.9,111.24444444444444,2.6555555555555554,0.46347777777777777,0.36108888888888885,0.8236111111111111,42.733333333333334,10.988888888888889,31.744444444444444,24.68888888888889,11.966666666666667,8.2,6.033333333333333,20.433333333333334,113.56888888888889
2023-24,1610612756,Phoenix Suns,87,49,38,0.5632183908045977,115.40229885057471,113.49425287356321,1.9080459770114941,0.49260919540229886,0.3785402298850575,0.8089195402298851,43.35632183908046,9.919540229885058,33.4367816091954,26.586206896551722,14.862068965517242,7.459770114942529,5.919540229885057,18.24137931034483,115.43218390804599
2023-24,1610612757,Portland Trail Blazers,82,21,61,0.25609756097560976,106.36585365853658,115.39024390243902,-9.024390243902438,0.439670731707317,0.3456585365853659,0.7932560975609756,42.74390243902439,12.634146341463415,30.109756097560975,23.097560975609756,15.231707317073171,7.646341463414634,4.317073170731708,20.170731707317074,106.87560975609755
2023-24,1610612758,Sacramento Kings,82,46,36,0.5609756097560976,116.5609756097561,114.8170731707317,1.7439024390243902,0.476719512195122,0.36559756097560975,0.7403048780487804,43.98780487804878,10.829268292682928,33.15853658536585,28.341463414634145,13.146341463414634,7.621951219512195,4.170731707317073,19.902439024390244,116.45121951219512
2023-24,1610612759,San Antonio Spurs,82,22,60,0.2682926829268293,112.09756097560975,118.58536585365853,-6.487804878048781,0.46335365853658533,0.34880487804878046,0.7777439024390244,44.23170731707317,10.353658536585366,33.8780487804878,29.865853658536587,15.146341463414634,7.121951219512195,6.341463414634147,17.24390243902439,112.49268292682926
2023-24,1610612760,Oklahoma City Thunder,93,64,29,0.6881720430107527,118.25806451612904,111.02150537634408,7.236559139784946,0.49509677419354836,0.38311827956989253,0.8257204301075269,42.0,8.78494623655914,33.215053763440864,26.612903225806452,12.516129032258064,8.35483870967742,6.526881720430108,18.655913978494624,118.53548387096774
2023-24,1610612761,Toronto Raptors,82,25,57,0.3048780487804878,112.35365853658537,118.79268292682927,-6.439024390243903,0.4716585365853659,0.34582926829268296,0.7575121951219512,42.65853658536585,10.865853658536585,31.79268292682927,28.475609756097562,13.987804878048781,7.7317073170731705,4.7317073170731705,18.402439024390244,112.47073170731707
2023-24,1610612762,Utah Jazz,82,31,51,0.3780487804878049,115.65853658536585,120.54878048780488,-4.890243902439025,0.46763414634146344,0.35313414634146345,0.8313170731707318,45.451219512195124,12.21951219512195,33.23170731707317,27.21951219512195,15.670731707317072,6.548780487804878,5.585365853658536,18.573170731707318,115.69268292682926
2023-24,1610612763,Memphis Grizzlies,82,27,55,0.32926829268292684,105.8170731707317,112.8170731707317,-7.0,0.4352926829268293,0.3452317073170732,0.7643536585365853,42.609756097560975,10.926829268292684,31.682926829268293,24.695121951219512,15.073170731707316,8.207317073170731,6.109756097560975,19.0609756097561,105.63170731707316
2023-24,1610612764,Washington Wizards,82,15,67,0.18292682926829268,113.7439024390244,123.03658536585365,-9.292682926829269,0.4708414634146342,0.34748780487804876,0.7651341463414634,41.073170731707314,9.207317073170731,31.865853658536587,27.926829268292682,13.987804878048781,7.597560975609756,5.060975609756097,19.963414634146343,113.51219512195122
2023-24,1610612765,Detroit Pistons,82,14,68,0.17073170731707318,109.8780487804878,118.98780487804878,-9.109756097560975,0.46397560975609753,0.3487804878048781,0.785,43.329268292682926,10.5,32.829268292682926,25.463414634146343,15.21951219512195,6.475609756097561,4.682926829268292,20.585365853658537,109.87317073170732
2023-24,1610612766,Charlotte Hornets,82,21,61,0.25609756097560976,106.58536585365853,116.82926829268293,-10.24390243902439,0.4611951219512195,0.35336585365853657,0.788780487804878,40.28048780487805,9.329268292682928,30.951219512195124,24.79268292682927,13.768292682926829,6.853658536585366,4.524390243902439,17.951219512195124,106.46585365853659
